{
  "C_thrust": 22.824744544331313,
  "C_torque_xy": 0.26503084718437875,
  "C_torque_z": 3.654670974167891,
  "drag": [
    0.3651369999582411,
    0.3443573500982179,
    0.3185675208690832
  ],
  "drone": {
    "mass": 1.372,
    "g": 9.81,
    "Ixx": 0.02663,
    "Iyy": 0.02663,
    "Izz": 0.05049
  },
  "note": "SysId via OLS with Zero-phase filtering (Gravity bug fixed)"
}
