{
 "13": {
  "EKF": [
   0.16048549115657806,
   0.28236645460128784,
   0.24010062217712402
  ],
  "UKF": [
   0.1570267230272293,
   0.2691318094730377,
   0.2212502807378769
  ],
  "FME": [
   0.1341458112001419,
   0.2316797375679016,
   0.18922890722751617
  ],
  "AFME": [
   0.13257676362991333,
   0.18960964679718018,
   0.1544487476348877
  ],
  "spike_mm": 5.386333709515495,
  "nominal_ukf_minus_ekf_mm": -3.458768129348755,
  "adapt": {
   "N_nominal": 13.737719535827637,
   "N_wind": 8.585000038146973,
   "N_payload": 8.118518829345703,
   "lam_min": 0.713529109954834,
   "lam_max": 1.0
  }
 }
}