{
 "scenario": {
  "type": "nlos_burst",
  "pattern": "waypoint",
  "duration_s": 40.0,
  "seed": 931361182,
  "mass": null,
  "gusts": [],
  "sustained": null,
  "dropouts": [],
  "nlos_burst": [
   {
    "anchor": 1,
    "start_s": 11.499554970950598,
    "duration_s": 2.027872575416403,
    "sigma": 0.45,
    "bias_m": 0.43553173472257145
   },
   {
    "anchor": 0,
    "start_s": 24.164864924141476,
    "duration_s": 2.2436650092570622,
    "sigma": 0.45,
    "bias_m": 0.4388524871285773
   }
  ],
  "turbulence": [],
  "heldout": false
 },
 "consts": {
  "mass_nominal": 1.372,
  "g": 9.81,
  "dt": 0.02,
  "Ixx": 0.02663,
  "Iyy": 0.02663,
  "Izz": 0.05049,
  "anchors": [
   [
    0.0,
    0.0,
    0.0
   ],
   [
    10.0,
    0.0,
    3.0
   ],
   [
    10.0,
    10.0,
    0.0
   ],
   [
    0.0,
    10.0,
    3.0
   ]
  ],
  "source": "synthetic_tier0"
 }
}