{
 "scenario": {
  "type": "nlos_burst",
  "pattern": "waypoint",
  "duration_s": 40.0,
  "seed": 845314968,
  "mass": null,
  "gusts": [],
  "sustained": null,
  "dropouts": [],
  "nlos_burst": [
   {
    "anchor": 1,
    "start_s": 29.467218411487607,
    "duration_s": 3.00905247404446,
    "sigma": 0.45,
    "bias_m": 0.4702263253644412
   },
   {
    "anchor": 3,
    "start_s": 33.39184525956183,
    "duration_s": 2.086950124025584,
    "sigma": 0.45,
    "bias_m": 0.3498775151664424
   }
  ],
  "turbulence": [],
  "heldout": false
 },
 "consts": {
  "mass_nominal": 1.372,
  "g": 9.81,
  "dt": 0.02,
  "Ixx": 0.02663,
  "Iyy": 0.02663,
  "Izz": 0.05049,
  "anchors": [
   [
    0.0,
    0.0,
    0.0
   ],
   [
    10.0,
    0.0,
    3.0
   ],
   [
    10.0,
    10.0,
    0.0
   ],
   [
    0.0,
    10.0,
    3.0
   ]
  ],
  "source": "synthetic_tier0"
 }
}