{
 "scenario": {
  "type": "turbulence_burst",
  "pattern": "hover",
  "duration_s": 40.0,
  "seed": 994157306,
  "mass": null,
  "gusts": [],
  "sustained": null,
  "dropouts": [],
  "nlos_burst": [],
  "turbulence": [
   {
    "start_s": 11.101927306835139,
    "duration_s": 3.4271147786778013,
    "boost": 7.009441984047531
   },
   {
    "start_s": 29.817385387578753,
    "duration_s": 3.311455756616992,
    "boost": 7.100795306006747
   }
  ],
  "heldout": false
 },
 "consts": {
  "mass_nominal": 1.372,
  "g": 9.81,
  "dt": 0.02,
  "Ixx": 0.02663,
  "Iyy": 0.02663,
  "Izz": 0.05049,
  "anchors": [
   [
    0.0,
    0.0,
    0.0
   ],
   [
    10.0,
    0.0,
    3.0
   ],
   [
    10.0,
    10.0,
    0.0
   ],
   [
    0.0,
    10.0,
    3.0
   ]
  ],
  "source": "synthetic_tier0"
 }
}