{
 "scenario": {
  "type": "turbulence_burst",
  "pattern": "hover",
  "duration_s": 40.0,
  "seed": 606187738,
  "mass": null,
  "gusts": [],
  "sustained": null,
  "dropouts": [],
  "nlos_burst": [],
  "turbulence": [
   {
    "start_s": 19.506541582452606,
    "duration_s": 3.1208424153787147,
    "boost": 5.305015708711148
   },
   {
    "start_s": 24.03644029920133,
    "duration_s": 4.500375661365679,
    "boost": 7.774525607054186
   }
  ],
  "heldout": false
 },
 "consts": {
  "mass_nominal": 1.372,
  "g": 9.81,
  "dt": 0.02,
  "Ixx": 0.02663,
  "Iyy": 0.02663,
  "Izz": 0.05049,
  "anchors": [
   [
    0.0,
    0.0,
    0.0
   ],
   [
    10.0,
    0.0,
    3.0
   ],
   [
    10.0,
    10.0,
    0.0
   ],
   [
    0.0,
    10.0,
    3.0
   ]
  ],
  "source": "synthetic_tier0"
 }
}