{
 "scenario": {
  "type": "anchor_dropout",
  "pattern": "figure8",
  "duration_s": 40.0,
  "seed": 1634535062,
  "mass": null,
  "gusts": [],
  "sustained": null,
  "dropouts": [
   {
    "anchors": [
     3
    ],
    "start_s": 17.14424729016961,
    "duration_s": 3.2562272653510917
   },
   {
    "anchors": [
     3
    ],
    "start_s": 29.609693393439443,
    "duration_s": 3.7415960484651625
   }
  ],
  "nlos_burst": [],
  "turbulence": [],
  "heldout": false
 },
 "consts": {
  "mass_nominal": 1.372,
  "g": 9.81,
  "dt": 0.02,
  "Ixx": 0.02663,
  "Iyy": 0.02663,
  "Izz": 0.05049,
  "anchors": [
   [
    0.0,
    0.0,
    0.0
   ],
   [
    10.0,
    0.0,
    3.0
   ],
   [
    10.0,
    10.0,
    0.0
   ],
   [
    0.0,
    10.0,
    3.0
   ]
  ],
  "source": "synthetic_tier0"
 }
}