{
 "scenario": {
  "type": "anchor_dropout",
  "pattern": "waypoint",
  "duration_s": 40.0,
  "seed": 283688682,
  "mass": null,
  "gusts": [],
  "sustained": null,
  "dropouts": [
   {
    "anchors": [
     2
    ],
    "start_s": 24.004865765440417,
    "duration_s": 3.190191496459869
   },
   {
    "anchors": [
     2
    ],
    "start_s": 30.662153734392557,
    "duration_s": 3.1689864376470407
   }
  ],
  "nlos_burst": [],
  "turbulence": [],
  "heldout": false
 },
 "consts": {
  "mass_nominal": 1.372,
  "g": 9.81,
  "dt": 0.02,
  "Ixx": 0.02663,
  "Iyy": 0.02663,
  "Izz": 0.05049,
  "anchors": [
   [
    0.0,
    0.0,
    0.0
   ],
   [
    10.0,
    0.0,
    3.0
   ],
   [
    10.0,
    10.0,
    0.0
   ],
   [
    0.0,
    10.0,
    3.0
   ]
  ],
  "source": "synthetic_tier0"
 }
}