{
 "scenario": {
  "type": "anchor_dropout",
  "pattern": "hover",
  "duration_s": 40.0,
  "seed": 594336917,
  "mass": null,
  "gusts": [],
  "sustained": null,
  "dropouts": [
   {
    "anchors": [
     0
    ],
    "start_s": 14.325625623284406,
    "duration_s": 4.516175480170748
   },
   {
    "anchors": [
     3
    ],
    "start_s": 27.1367774981419,
    "duration_s": 4.786242242644395
   }
  ],
  "nlos_burst": [],
  "turbulence": [],
  "heldout": false
 },
 "consts": {
  "mass_nominal": 1.372,
  "g": 9.81,
  "dt": 0.02,
  "Ixx": 0.02663,
  "Iyy": 0.02663,
  "Izz": 0.05049,
  "anchors": [
   [
    0.0,
    0.0,
    0.0
   ],
   [
    10.0,
    0.0,
    3.0
   ],
   [
    10.0,
    10.0,
    0.0
   ],
   [
    0.0,
    10.0,
    3.0
   ]
  ],
  "source": "synthetic_tier0"
 }
}