{
 "scenario": {
  "type": "nlos_burst",
  "pattern": "figure8",
  "duration_s": 40.0,
  "seed": 1561209045,
  "mass": null,
  "gusts": [],
  "sustained": null,
  "dropouts": [],
  "nlos_burst": [
   {
    "anchor": 3,
    "start_s": 31.350161912614286,
    "duration_s": 2.215481891911793,
    "sigma": 0.45,
    "bias_m": 0.34604279817897615
   }
  ],
  "turbulence": [],
  "heldout": false
 },
 "consts": {
  "mass_nominal": 1.372,
  "g": 9.81,
  "dt": 0.02,
  "Ixx": 0.02663,
  "Iyy": 0.02663,
  "Izz": 0.05049,
  "anchors": [
   [
    0.0,
    0.0,
    0.0
   ],
   [
    10.0,
    0.0,
    3.0
   ],
   [
    10.0,
    10.0,
    0.0
   ],
   [
    0.0,
    10.0,
    3.0
   ]
  ],
  "source": "synthetic_tier0"
 }
}