{
 "scenario": {
  "type": "anchor_dropout",
  "pattern": "waypoint",
  "duration_s": 40.0,
  "seed": 38304201,
  "mass": null,
  "gusts": [],
  "sustained": null,
  "dropouts": [
   {
    "anchors": [
     0
    ],
    "start_s": 24.598621420360175,
    "duration_s": 4.658857229765473
   },
   {
    "anchors": [
     3
    ],
    "start_s": 30.404629140269147,
    "duration_s": 3.465281483932867
   }
  ],
  "nlos_burst": [],
  "turbulence": [],
  "heldout": false
 },
 "consts": {
  "mass_nominal": 1.372,
  "g": 9.81,
  "dt": 0.02,
  "Ixx": 0.02663,
  "Iyy": 0.02663,
  "Izz": 0.05049,
  "anchors": [
   [
    0.0,
    0.0,
    0.0
   ],
   [
    10.0,
    0.0,
    3.0
   ],
   [
    10.0,
    10.0,
    0.0
   ],
   [
    0.0,
    10.0,
    3.0
   ]
  ],
  "source": "synthetic_tier0"
 }
}