{
 "scenario": {
  "type": "nlos_burst",
  "pattern": "circle",
  "duration_s": 40.0,
  "seed": 2062643048,
  "mass": null,
  "gusts": [],
  "sustained": null,
  "dropouts": [],
  "nlos_burst": [
   {
    "anchor": 2,
    "start_s": 27.238369528518135,
    "duration_s": 3.305174681120204,
    "sigma": 0.45,
    "bias_m": 0.4265835258535241
   },
   {
    "anchor": 2,
    "start_s": 32.872228224866674,
    "duration_s": 2.5763112283649234,
    "sigma": 0.45,
    "bias_m": 0.3404809186251437
   }
  ],
  "turbulence": [],
  "heldout": false
 },
 "consts": {
  "mass_nominal": 1.372,
  "g": 9.81,
  "dt": 0.02,
  "Ixx": 0.02663,
  "Iyy": 0.02663,
  "Izz": 0.05049,
  "anchors": [
   [
    0.0,
    0.0,
    0.0
   ],
   [
    10.0,
    0.0,
    3.0
   ],
   [
    10.0,
    10.0,
    0.0
   ],
   [
    0.0,
    10.0,
    3.0
   ]
  ],
  "source": "synthetic_tier0"
 }
}