{
 "scenario": {
  "type": "nlos_burst",
  "pattern": "circle",
  "duration_s": 40.0,
  "seed": 802423862,
  "mass": null,
  "gusts": [],
  "sustained": null,
  "dropouts": [],
  "nlos_burst": [
   {
    "anchor": 0,
    "start_s": 12.071841491586646,
    "duration_s": 3.493579222698052,
    "sigma": 0.45,
    "bias_m": 0.48736263010675585
   },
   {
    "anchor": 0,
    "start_s": 18.47104310722612,
    "duration_s": 2.4819411500113695,
    "sigma": 0.45,
    "bias_m": 0.3306568633248988
   },
   {
    "anchor": 3,
    "start_s": 28.87873406298459,
    "duration_s": 2.358536616315478,
    "sigma": 0.45,
    "bias_m": 0.4749124081674929
   },
   {
    "anchor": 3,
    "start_s": 32.524435397109485,
    "duration_s": 2.3928693314291465,
    "sigma": 0.45,
    "bias_m": 0.4943652852121935
   }
  ],
  "turbulence": [],
  "heldout": false
 },
 "consts": {
  "mass_nominal": 1.372,
  "g": 9.81,
  "dt": 0.02,
  "Ixx": 0.02663,
  "Iyy": 0.02663,
  "Izz": 0.05049,
  "anchors": [
   [
    0.0,
    0.0,
    0.0
   ],
   [
    10.0,
    0.0,
    3.0
   ],
   [
    10.0,
    10.0,
    0.0
   ],
   [
    0.0,
    10.0,
    3.0
   ]
  ],
  "source": "synthetic_tier0"
 }
}