{
 "scenario": {
  "type": "turbulence_burst",
  "pattern": "hover",
  "duration_s": 40.0,
  "seed": 1239990661,
  "mass": null,
  "gusts": [],
  "sustained": null,
  "dropouts": [],
  "nlos_burst": [],
  "turbulence": [
   {
    "start_s": 5.410194919764774,
    "duration_s": 2.346470190996065,
    "boost": 5.16618622749278
   },
   {
    "start_s": 10.076235015397204,
    "duration_s": 2.523924412807558,
    "boost": 6.773431448332913
   }
  ],
  "heldout": false
 },
 "consts": {
  "mass_nominal": 1.372,
  "g": 9.81,
  "dt": 0.02,
  "Ixx": 0.02663,
  "Iyy": 0.02663,
  "Izz": 0.05049,
  "anchors": [
   [
    0.0,
    0.0,
    0.0
   ],
   [
    10.0,
    0.0,
    3.0
   ],
   [
    10.0,
    10.0,
    0.0
   ],
   [
    0.0,
    10.0,
    3.0
   ]
  ],
  "source": "synthetic_tier0"
 }
}