{
 "scenario": {
  "type": "anchor_dropout",
  "pattern": "figure8",
  "duration_s": 40.0,
  "seed": 21294869,
  "mass": null,
  "gusts": [],
  "sustained": null,
  "dropouts": [
   {
    "anchors": [
     1
    ],
    "start_s": 19.695497459668925,
    "duration_s": 3.2804981779972215
   },
   {
    "anchors": [
     0
    ],
    "start_s": 25.57326971215925,
    "duration_s": 4.344480186079624
   }
  ],
  "nlos_burst": [],
  "turbulence": [],
  "heldout": false
 },
 "consts": {
  "mass_nominal": 1.372,
  "g": 9.81,
  "dt": 0.02,
  "Ixx": 0.02663,
  "Iyy": 0.02663,
  "Izz": 0.05049,
  "anchors": [
   [
    0.0,
    0.0,
    0.0
   ],
   [
    10.0,
    0.0,
    3.0
   ],
   [
    10.0,
    10.0,
    0.0
   ],
   [
    0.0,
    10.0,
    3.0
   ]
  ],
  "source": "synthetic_tier0"
 }
}