{
 "scenario": {
  "type": "turbulence_burst",
  "pattern": "waypoint",
  "duration_s": 40.0,
  "seed": 717885406,
  "mass": null,
  "gusts": [],
  "sustained": null,
  "dropouts": [],
  "nlos_burst": [],
  "turbulence": [
   {
    "start_s": 25.697752294718875,
    "duration_s": 2.2701435823269254,
    "boost": 6.385631690754162
   },
   {
    "start_s": 31.246792208858864,
    "duration_s": 2.4838153371008054,
    "boost": 5.456936308139506
   }
  ],
  "heldout": false
 },
 "consts": {
  "mass_nominal": 1.372,
  "g": 9.81,
  "dt": 0.02,
  "Ixx": 0.02663,
  "Iyy": 0.02663,
  "Izz": 0.05049,
  "anchors": [
   [
    0.0,
    0.0,
    0.0
   ],
   [
    10.0,
    0.0,
    3.0
   ],
   [
    10.0,
    10.0,
    0.0
   ],
   [
    0.0,
    10.0,
    3.0
   ]
  ],
  "source": "synthetic_tier0"
 }
}