{
 "scenario": {
  "type": "turbulence_burst",
  "pattern": "waypoint",
  "duration_s": 40.0,
  "seed": 1787264313,
  "mass": null,
  "gusts": [],
  "sustained": null,
  "dropouts": [],
  "nlos_burst": [],
  "turbulence": [
   {
    "start_s": 12.884017915743922,
    "duration_s": 3.1624351370905233,
    "boost": 7.047486511924927
   },
   {
    "start_s": 20.35179314525036,
    "duration_s": 2.4192574508279296,
    "boost": 5.022086809253016
   },
   {
    "start_s": 29.00221432994585,
    "duration_s": 4.360773132506415,
    "boost": 7.115496135879005
   }
  ],
  "heldout": false
 },
 "consts": {
  "mass_nominal": 1.372,
  "g": 9.81,
  "dt": 0.02,
  "Ixx": 0.02663,
  "Iyy": 0.02663,
  "Izz": 0.05049,
  "anchors": [
   [
    0.0,
    0.0,
    0.0
   ],
   [
    10.0,
    0.0,
    3.0
   ],
   [
    10.0,
    10.0,
    0.0
   ],
   [
    0.0,
    10.0,
    3.0
   ]
  ],
  "source": "synthetic_tier0"
 }
}