{
 "scenario": {
  "type": "nlos_burst",
  "pattern": "hover",
  "duration_s": 40.0,
  "seed": 1405375274,
  "mass": null,
  "gusts": [],
  "sustained": null,
  "dropouts": [],
  "nlos_burst": [
   {
    "anchor": 2,
    "start_s": 26.273156685291166,
    "duration_s": 3.1304722129623777,
    "sigma": 0.45,
    "bias_m": 0.41071588013159915
   },
   {
    "anchor": 2,
    "start_s": 31.01759412421968,
    "duration_s": 3.1184143214908273,
    "sigma": 0.45,
    "bias_m": 0.30616356691358787
   }
  ],
  "turbulence": [],
  "heldout": false
 },
 "consts": {
  "mass_nominal": 1.372,
  "g": 9.81,
  "dt": 0.02,
  "Ixx": 0.02663,
  "Iyy": 0.02663,
  "Izz": 0.05049,
  "anchors": [
   [
    0.0,
    0.0,
    0.0
   ],
   [
    10.0,
    0.0,
    3.0
   ],
   [
    10.0,
    10.0,
    0.0
   ],
   [
    0.0,
    10.0,
    3.0
   ]
  ],
  "source": "synthetic_tier0"
 }
}