{
 "scenario": {
  "type": "turbulence_burst",
  "pattern": "figure8",
  "duration_s": 40.0,
  "seed": 1142883968,
  "mass": null,
  "gusts": [],
  "sustained": null,
  "dropouts": [],
  "nlos_burst": [],
  "turbulence": [
   {
    "start_s": 9.045397335274783,
    "duration_s": 2.472834945874999,
    "boost": 7.808382390127232
   },
   {
    "start_s": 20.249047782287317,
    "duration_s": 3.31371211159626,
    "boost": 7.189057126032134
   }
  ],
  "heldout": true
 },
 "consts": {
  "mass_nominal": 1.372,
  "g": 9.81,
  "dt": 0.02,
  "Ixx": 0.02663,
  "Iyy": 0.02663,
  "Izz": 0.05049,
  "anchors": [
   [
    0.0,
    0.0,
    0.0
   ],
   [
    10.0,
    0.0,
    3.0
   ],
   [
    10.0,
    10.0,
    0.0
   ],
   [
    0.0,
    10.0,
    3.0
   ]
  ],
  "source": "synthetic_tier0"
 }
}