{
 "scenario": {
  "type": "turbulence_burst",
  "pattern": "figure8",
  "duration_s": 40.0,
  "seed": 1115170215,
  "mass": null,
  "gusts": [],
  "sustained": null,
  "dropouts": [],
  "nlos_burst": [],
  "turbulence": [
   {
    "start_s": 8.011267453020402,
    "duration_s": 3.48242493955227,
    "boost": 5.216177441218831
   },
   {
    "start_s": 13.548389680314362,
    "duration_s": 4.525979633118389,
    "boost": 5.841834308400967
   },
   {
    "start_s": 21.48301259025485,
    "duration_s": 3.0023901215046376,
    "boost": 5.941680109405968
   },
   {
    "start_s": 25.577706695408374,
    "duration_s": 4.228077700175257,
    "boost": 7.48152027356206
   }
  ],
  "heldout": true
 },
 "consts": {
  "mass_nominal": 1.372,
  "g": 9.81,
  "dt": 0.02,
  "Ixx": 0.02663,
  "Iyy": 0.02663,
  "Izz": 0.05049,
  "anchors": [
   [
    0.0,
    0.0,
    0.0
   ],
   [
    10.0,
    0.0,
    3.0
   ],
   [
    10.0,
    10.0,
    0.0
   ],
   [
    0.0,
    10.0,
    3.0
   ]
  ],
  "source": "synthetic_tier0"
 }
}