{
 "scenario": {
  "type": "turbulence_burst",
  "pattern": "hover",
  "duration_s": 40.0,
  "seed": 973437866,
  "mass": null,
  "gusts": [],
  "sustained": null,
  "dropouts": [],
  "nlos_burst": [],
  "turbulence": [
   {
    "start_s": 10.125687366390652,
    "duration_s": 4.330303822076655,
    "boost": 7.731914681392656
   },
   {
    "start_s": 16.055395408702363,
    "duration_s": 3.9688071179824704,
    "boost": 5.016289502386101
   }
  ],
  "heldout": true
 },
 "consts": {
  "mass_nominal": 1.372,
  "g": 9.81,
  "dt": 0.02,
  "Ixx": 0.02663,
  "Iyy": 0.02663,
  "Izz": 0.05049,
  "anchors": [
   [
    0.0,
    0.0,
    0.0
   ],
   [
    10.0,
    0.0,
    3.0
   ],
   [
    10.0,
    10.0,
    0.0
   ],
   [
    0.0,
    10.0,
    3.0
   ]
  ],
  "source": "synthetic_tier0"
 }
}