{
 "scenario": {
  "type": "nlos_burst",
  "pattern": "figure8",
  "duration_s": 40.0,
  "seed": 1169326367,
  "mass": null,
  "gusts": [],
  "sustained": null,
  "dropouts": [],
  "nlos_burst": [
   {
    "anchor": 1,
    "start_s": 28.151678079668805,
    "duration_s": 2.908635923683493,
    "sigma": 0.45,
    "bias_m": 0.5917096163597102
   },
   {
    "anchor": 1,
    "start_s": 32.23925031365862,
    "duration_s": 2.8846282541357864,
    "sigma": 0.45,
    "bias_m": 0.6836883791031108
   }
  ],
  "turbulence": [],
  "heldout": true
 },
 "consts": {
  "mass_nominal": 1.372,
  "g": 9.81,
  "dt": 0.02,
  "Ixx": 0.02663,
  "Iyy": 0.02663,
  "Izz": 0.05049,
  "anchors": [
   [
    0.0,
    0.0,
    0.0
   ],
   [
    10.0,
    0.0,
    3.0
   ],
   [
    10.0,
    10.0,
    0.0
   ],
   [
    0.0,
    10.0,
    3.0
   ]
  ],
  "source": "synthetic_tier0"
 }
}