{
 "scenario": {
  "type": "nlos_burst",
  "pattern": "hover",
  "duration_s": 40.0,
  "seed": 204116597,
  "mass": null,
  "gusts": [],
  "sustained": null,
  "dropouts": [],
  "nlos_burst": [
   {
    "anchor": 2,
    "start_s": 21.103015601021035,
    "duration_s": 2.3425826081855776,
    "sigma": 0.45,
    "bias_m": 0.61448610280677
   },
   {
    "anchor": 2,
    "start_s": 28.85648124046668,
    "duration_s": 2.9319703059624547,
    "sigma": 0.45,
    "bias_m": 0.6598489433024133
   },
   {
    "anchor": 3,
    "start_s": 32.84462306101503,
    "duration_s": 2.9843064311508583,
    "sigma": 0.45,
    "bias_m": 0.6862472471380203
   }
  ],
  "turbulence": [],
  "heldout": true
 },
 "consts": {
  "mass_nominal": 1.372,
  "g": 9.81,
  "dt": 0.02,
  "Ixx": 0.02663,
  "Iyy": 0.02663,
  "Izz": 0.05049,
  "anchors": [
   [
    0.0,
    0.0,
    0.0
   ],
   [
    10.0,
    0.0,
    3.0
   ],
   [
    10.0,
    10.0,
    0.0
   ],
   [
    0.0,
    10.0,
    3.0
   ]
  ],
  "source": "synthetic_tier0"
 }
}