{
 "scenario": {
  "type": "turbulence_burst",
  "pattern": "figure8",
  "duration_s": 40.0,
  "seed": 1804133093,
  "mass": null,
  "gusts": [],
  "sustained": null,
  "dropouts": [],
  "nlos_burst": [],
  "turbulence": [
   {
    "start_s": 13.498043163075696,
    "duration_s": 3.7649187452270247,
    "boost": 5.108179502832091
   },
   {
    "start_s": 25.129274480133247,
    "duration_s": 3.255200132470581,
    "boost": 5.6767786046126325
   }
  ],
  "heldout": true
 },
 "consts": {
  "mass_nominal": 1.372,
  "g": 9.81,
  "dt": 0.02,
  "Ixx": 0.02663,
  "Iyy": 0.02663,
  "Izz": 0.05049,
  "anchors": [
   [
    0.0,
    0.0,
    0.0
   ],
   [
    10.0,
    0.0,
    3.0
   ],
   [
    10.0,
    10.0,
    0.0
   ],
   [
    0.0,
    10.0,
    3.0
   ]
  ],
  "source": "synthetic_tier0"
 }
}