{
 "scenario": {
  "type": "nlos_burst",
  "pattern": "waypoint",
  "duration_s": 40.0,
  "seed": 2010345312,
  "mass": null,
  "gusts": [],
  "sustained": null,
  "dropouts": [],
  "nlos_burst": [
   {
    "anchor": 3,
    "start_s": 15.428866072126837,
    "duration_s": 2.9587391282490807,
    "sigma": 0.45,
    "bias_m": 0.6973263089848644
   },
   {
    "anchor": 1,
    "start_s": 31.91161662834749,
    "duration_s": 3.435520472007287,
    "sigma": 0.45,
    "bias_m": 0.6701067358381565
   }
  ],
  "turbulence": [],
  "heldout": true
 },
 "consts": {
  "mass_nominal": 1.372,
  "g": 9.81,
  "dt": 0.02,
  "Ixx": 0.02663,
  "Iyy": 0.02663,
  "Izz": 0.05049,
  "anchors": [
   [
    0.0,
    0.0,
    0.0
   ],
   [
    10.0,
    0.0,
    3.0
   ],
   [
    10.0,
    10.0,
    0.0
   ],
   [
    0.0,
    10.0,
    3.0
   ]
  ],
  "source": "synthetic_tier0"
 }
}