{
 "scenario": {
  "type": "gust",
  "pattern": "waypoint",
  "duration_s": 40.0,
  "seed": 622301691,
  "mass": null,
  "gusts": [
   {
    "speed": 11.50851621682962,
    "dir_rad": 0.8045782811398446,
    "start_s": 16.990655426132115,
    "duration_s": 0.352292944486858
   },
   {
    "speed": 8.619700874642298,
    "dir_rad": 5.4421470643919125,
    "start_s": 21.30456481978334,
    "duration_s": 0.32843425056474196
   },
   {
    "speed": 10.452016264200278,
    "dir_rad": 2.71131386373716,
    "start_s": 26.55374764498538,
    "duration_s": 0.4357324664509904
   },
   {
    "speed": 13.596677717941894,
    "dir_rad": 2.4598166536657153,
    "start_s": 33.13977877989198,
    "duration_s": 0.45325967285788377
   }
  ],
  "sustained": null,
  "dropouts": [],
  "heldout": false
 },
 "consts": {
  "mass_nominal": 1.372,
  "g": 9.81,
  "dt": 0.02,
  "Ixx": 0.02663,
  "Iyy": 0.02663,
  "Izz": 0.05049,
  "anchors": [
   [
    0.0,
    0.0,
    0.0
   ],
   [
    10.0,
    0.0,
    3.0
   ],
   [
    10.0,
    10.0,
    0.0
   ],
   [
    0.0,
    10.0,
    3.0
   ]
  ],
  "source": "synthetic_tier0"
 }
}