{
 "scenario": {
  "type": "gust",
  "pattern": "waypoint",
  "duration_s": 40.0,
  "seed": 1862921945,
  "mass": null,
  "gusts": [
   {
    "speed": 12.476085681460678,
    "dir_rad": 5.130652856646917,
    "start_s": 12.555751972687814,
    "duration_s": 0.29913582518054327
   },
   {
    "speed": 11.56660198253871,
    "dir_rad": 0.9184335802143356,
    "start_s": 15.179608792422005,
    "duration_s": 0.24211123194165
   }
  ],
  "sustained": null,
  "dropouts": [],
  "heldout": false
 },
 "consts": {
  "mass_nominal": 1.372,
  "g": 9.81,
  "dt": 0.02,
  "Ixx": 0.02663,
  "Iyy": 0.02663,
  "Izz": 0.05049,
  "anchors": [
   [
    0.0,
    0.0,
    0.0
   ],
   [
    10.0,
    0.0,
    3.0
   ],
   [
    10.0,
    10.0,
    0.0
   ],
   [
    0.0,
    10.0,
    3.0
   ]
  ],
  "source": "synthetic_tier0"
 }
}