{
 "scenario": {
  "type": "gust",
  "pattern": "hover",
  "duration_s": 40.0,
  "seed": 602523348,
  "mass": null,
  "gusts": [
   {
    "speed": 10.617899958165578,
    "dir_rad": 4.867105389525762,
    "start_s": 6.01441013045631,
    "duration_s": 0.22112284056004416
   },
   {
    "speed": 12.938763904497119,
    "dir_rad": 1.0555804633781822,
    "start_s": 24.55331922079564,
    "duration_s": 0.21393534011196627
   }
  ],
  "sustained": null,
  "dropouts": [],
  "heldout": false
 },
 "consts": {
  "mass_nominal": 1.372,
  "g": 9.81,
  "dt": 0.02,
  "Ixx": 0.02663,
  "Iyy": 0.02663,
  "Izz": 0.05049,
  "anchors": [
   [
    0.0,
    0.0,
    0.0
   ],
   [
    10.0,
    0.0,
    3.0
   ],
   [
    10.0,
    10.0,
    0.0
   ],
   [
    0.0,
    10.0,
    3.0
   ]
  ],
  "source": "synthetic_tier0"
 }
}