{
 "scenario": {
  "type": "gust",
  "pattern": "hover",
  "duration_s": 40.0,
  "seed": 1005917077,
  "mass": null,
  "gusts": [
   {
    "speed": 13.75599408581365,
    "dir_rad": 4.099899054821701,
    "start_s": 19.37675907521222,
    "duration_s": 0.21806924679577055
   },
   {
    "speed": 9.514617743297524,
    "dir_rad": 1.852119348906063,
    "start_s": 22.034596703582675,
    "duration_s": 0.39820262265144735
   },
   {
    "speed": 13.409851121398631,
    "dir_rad": 6.186227013271392,
    "start_s": 32.25363148139086,
    "duration_s": 0.5059214210428937
   }
  ],
  "sustained": null,
  "dropouts": [],
  "heldout": false
 },
 "consts": {
  "mass_nominal": 1.372,
  "g": 9.81,
  "dt": 0.02,
  "Ixx": 0.02663,
  "Iyy": 0.02663,
  "Izz": 0.05049,
  "anchors": [
   [
    0.0,
    0.0,
    0.0
   ],
   [
    10.0,
    0.0,
    3.0
   ],
   [
    10.0,
    10.0,
    0.0
   ],
   [
    0.0,
    10.0,
    3.0
   ]
  ],
  "source": "synthetic_tier0"
 }
}