{
 "scenario": {
  "type": "anchor_dropout",
  "pattern": "figure8",
  "duration_s": 40.0,
  "seed": 1976470608,
  "mass": null,
  "gusts": [],
  "sustained": null,
  "dropouts": [
   {
    "anchors": [
     3
    ],
    "start_s": 26.04374903533426,
    "duration_s": 4.111938856056897
   },
   {
    "anchors": [
     3
    ],
    "start_s": 31.200512452716588,
    "duration_s": 3.2831917771375494
   }
  ],
  "heldout": false
 },
 "consts": {
  "mass_nominal": 1.372,
  "g": 9.81,
  "dt": 0.02,
  "Ixx": 0.02663,
  "Iyy": 0.02663,
  "Izz": 0.05049,
  "anchors": [
   [
    0.0,
    0.0,
    0.0
   ],
   [
    10.0,
    0.0,
    3.0
   ],
   [
    10.0,
    10.0,
    0.0
   ],
   [
    0.0,
    10.0,
    3.0
   ]
  ],
  "source": "synthetic_tier0"
 }
}