{
 "scenario": {
  "type": "gust",
  "pattern": "figure8",
  "duration_s": 40.0,
  "seed": 1423587770,
  "mass": null,
  "gusts": [
   {
    "speed": 12.668908535264073,
    "dir_rad": 5.407500292964235,
    "start_s": 11.473276081376923,
    "duration_s": 0.330618737068712
   },
   {
    "speed": 8.776176820749647,
    "dir_rad": 1.72883430609404,
    "start_s": 26.760227890056647,
    "duration_s": 0.29867215089045895
   }
  ],
  "sustained": null,
  "dropouts": [],
  "heldout": false
 },
 "consts": {
  "mass_nominal": 1.372,
  "g": 9.81,
  "dt": 0.02,
  "Ixx": 0.02663,
  "Iyy": 0.02663,
  "Izz": 0.05049,
  "anchors": [
   [
    0.0,
    0.0,
    0.0
   ],
   [
    10.0,
    0.0,
    3.0
   ],
   [
    10.0,
    10.0,
    0.0
   ],
   [
    0.0,
    10.0,
    3.0
   ]
  ],
  "source": "synthetic_tier0"
 }
}