{
 "scenario": {
  "type": "gust",
  "pattern": "hover",
  "duration_s": 40.0,
  "seed": 1108092010,
  "mass": null,
  "gusts": [
   {
    "speed": 11.027157422133381,
    "dir_rad": 5.497818196758015,
    "start_s": 14.790084102962272,
    "duration_s": 0.3574521827328113
   },
   {
    "speed": 9.088990457579145,
    "dir_rad": 1.487511895673266,
    "start_s": 16.900177040250192,
    "duration_s": 0.5404526507288824
   },
   {
    "speed": 10.497574554219153,
    "dir_rad": 0.3094727626471198,
    "start_s": 27.157420191198575,
    "duration_s": 0.29975503033288475
   },
   {
    "speed": 8.610031417422295,
    "dir_rad": 5.236774539307425,
    "start_s": 31.177222851055692,
    "duration_s": 0.34944565538382866
   }
  ],
  "sustained": null,
  "dropouts": [],
  "heldout": false
 },
 "consts": {
  "mass_nominal": 1.372,
  "g": 9.81,
  "dt": 0.02,
  "Ixx": 0.02663,
  "Iyy": 0.02663,
  "Izz": 0.05049,
  "anchors": [
   [
    0.0,
    0.0,
    0.0
   ],
   [
    10.0,
    0.0,
    3.0
   ],
   [
    10.0,
    10.0,
    0.0
   ],
   [
    0.0,
    10.0,
    3.0
   ]
  ],
  "source": "synthetic_tier0"
 }
}