{
 "scenario": {
  "type": "mixed",
  "pattern": "waypoint",
  "duration_s": 40.0,
  "seed": 2052371954,
  "mass": {
   "delta": 0.4576902037105399,
   "onset_s": 14.64957505450721,
   "impulse_z": 0.9936443274570379,
   "impulse_xy": 0.41563343265527664,
   "impulse_dir": 4.6164141465361395
  },
  "gusts": [
   {
    "speed": 12.971281549032714,
    "dir_rad": 4.46440907168318,
    "start_s": 21.190445322759174,
    "duration_s": 0.42656826032385786
   },
   {
    "speed": 11.609350714736095,
    "dir_rad": 3.0548349060170277,
    "start_s": 23.169588636649745,
    "duration_s": 0.21063110599891668
   },
   {
    "speed": 12.547461912397164,
    "dir_rad": 5.19375313514861,
    "start_s": 28.280296932642493,
    "duration_s": 0.30407386213719656
   },
   {
    "speed": 9.624180568970642,
    "dir_rad": 3.2793104670830115,
    "start_s": 31.122434336154356,
    "duration_s": 0.42448922715601767
   }
  ],
  "sustained": null,
  "dropouts": [
   {
    "anchors": [
     2
    ],
    "start_s": 7.5625549619789405,
    "duration_s": 4.353304765019275
   }
  ],
  "heldout": false
 },
 "consts": {
  "mass_nominal": 1.372,
  "g": 9.81,
  "dt": 0.02,
  "Ixx": 0.02663,
  "Iyy": 0.02663,
  "Izz": 0.05049,
  "anchors": [
   [
    0.0,
    0.0,
    0.0
   ],
   [
    10.0,
    0.0,
    3.0
   ],
   [
    10.0,
    10.0,
    0.0
   ],
   [
    0.0,
    10.0,
    3.0
   ]
  ],
  "source": "synthetic_tier0"
 }
}