{
 "scenario": {
  "type": "mass_step",
  "pattern": "waypoint",
  "duration_s": 40.0,
  "seed": 47489834,
  "mass": {
   "delta": 0.5984983789503283,
   "onset_s": 16.48389274648452,
   "impulse_z": 0.6566800008369091,
   "impulse_xy": 0.5987158445396104,
   "impulse_dir": 1.6490880573613171
  },
  "gusts": [],
  "sustained": null,
  "dropouts": [],
  "heldout": false
 },
 "consts": {
  "mass_nominal": 1.372,
  "g": 9.81,
  "dt": 0.02,
  "Ixx": 0.02663,
  "Iyy": 0.02663,
  "Izz": 0.05049,
  "anchors": [
   [
    0.0,
    0.0,
    0.0
   ],
   [
    10.0,
    0.0,
    3.0
   ],
   [
    10.0,
    10.0,
    0.0
   ],
   [
    0.0,
    10.0,
    3.0
   ]
  ],
  "source": "synthetic_tier0"
 }
}