{
 "scenario": {
  "type": "gust",
  "pattern": "waypoint",
  "duration_s": 40.0,
  "seed": 316594823,
  "mass": null,
  "gusts": [
   {
    "speed": 11.301438151449545,
    "dir_rad": 4.429822805548131,
    "start_s": 9.5225809223402,
    "duration_s": 0.3233332815811377
   },
   {
    "speed": 12.69326717160677,
    "dir_rad": 4.6997605881493785,
    "start_s": 21.87619687088916,
    "duration_s": 0.2279726525907445
   },
   {
    "speed": 12.923342495839165,
    "dir_rad": 1.5126961597118587,
    "start_s": 27.75233579626898,
    "duration_s": 0.5260292384875016
   }
  ],
  "sustained": null,
  "dropouts": [],
  "heldout": false
 },
 "consts": {
  "mass_nominal": 1.372,
  "g": 9.81,
  "dt": 0.02,
  "Ixx": 0.02663,
  "Iyy": 0.02663,
  "Izz": 0.05049,
  "anchors": [
   [
    0.0,
    0.0,
    0.0
   ],
   [
    10.0,
    0.0,
    3.0
   ],
   [
    10.0,
    10.0,
    0.0
   ],
   [
    0.0,
    10.0,
    3.0
   ]
  ],
  "source": "synthetic_tier0"
 }
}