{
 "scenario": {
  "type": "mixed",
  "pattern": "circle",
  "duration_s": 40.0,
  "seed": 762018007,
  "mass": {
   "delta": 0.42154664215086535,
   "onset_s": 13.653522431133663,
   "impulse_z": 0.7826799158856197,
   "impulse_xy": 0.5211593016257845,
   "impulse_dir": 0.6093300454355647
  },
  "gusts": [
   {
    "speed": 11.25418641381323,
    "dir_rad": 1.0386816780917771,
    "start_s": 22.937161578361486,
    "duration_s": 0.5383187831208569
   },
   {
    "speed": 13.111598946768792,
    "dir_rad": 3.6708119063816174,
    "start_s": 25.954073027544368,
    "duration_s": 0.30130218976007894
   },
   {
    "speed": 10.227515822529663,
    "dir_rad": 2.543778764023511,
    "start_s": 29.1057502407825,
    "duration_s": 0.49405177100785336
   },
   {
    "speed": 9.24088116508419,
    "dir_rad": 5.915863110795489,
    "start_s": 32.83668455549265,
    "duration_s": 0.5040059886976139
   }
  ],
  "sustained": null,
  "dropouts": [
   {
    "anchors": [
     3
    ],
    "start_s": 12.560377988501548,
    "duration_s": 3.200791291299619
   }
  ],
  "heldout": false
 },
 "consts": {
  "mass_nominal": 1.372,
  "g": 9.81,
  "dt": 0.02,
  "Ixx": 0.02663,
  "Iyy": 0.02663,
  "Izz": 0.05049,
  "anchors": [
   [
    0.0,
    0.0,
    0.0
   ],
   [
    10.0,
    0.0,
    3.0
   ],
   [
    10.0,
    10.0,
    0.0
   ],
   [
    0.0,
    10.0,
    3.0
   ]
  ],
  "source": "synthetic_tier0"
 }
}