{
 "scenario": {
  "type": "gust",
  "pattern": "waypoint",
  "duration_s": 40.0,
  "seed": 137714517,
  "mass": null,
  "gusts": [
   {
    "speed": 12.112566324566085,
    "dir_rad": 0.14594320412245682,
    "start_s": 16.95494246850304,
    "duration_s": 0.5904513562766831
   },
   {
    "speed": 11.661364666599475,
    "dir_rad": 2.789375421030095,
    "start_s": 31.75477710002785,
    "duration_s": 0.3600245784539021
   }
  ],
  "sustained": null,
  "dropouts": [],
  "heldout": false
 },
 "consts": {
  "mass_nominal": 1.372,
  "g": 9.81,
  "dt": 0.02,
  "Ixx": 0.02663,
  "Iyy": 0.02663,
  "Izz": 0.05049,
  "anchors": [
   [
    0.0,
    0.0,
    0.0
   ],
   [
    10.0,
    0.0,
    3.0
   ],
   [
    10.0,
    10.0,
    0.0
   ],
   [
    0.0,
    10.0,
    3.0
   ]
  ],
  "source": "synthetic_tier0"
 }
}