{
 "scenario": {
  "type": "gust",
  "pattern": "figure8",
  "duration_s": 40.0,
  "seed": 1401089319,
  "mass": null,
  "gusts": [
   {
    "speed": 10.588509171079341,
    "dir_rad": 3.933352422359891,
    "start_s": 21.093248271203485,
    "duration_s": 0.5149728887943815
   },
   {
    "speed": 12.420234130893322,
    "dir_rad": 5.569433594103971,
    "start_s": 28.2727161205353,
    "duration_s": 0.3442629337801017
   },
   {
    "speed": 11.121650688443415,
    "dir_rad": 5.025734012559037,
    "start_s": 31.53813623707882,
    "duration_s": 0.5684228789180766
   }
  ],
  "sustained": null,
  "dropouts": [],
  "heldout": false
 },
 "consts": {
  "mass_nominal": 1.372,
  "g": 9.81,
  "dt": 0.02,
  "Ixx": 0.02663,
  "Iyy": 0.02663,
  "Izz": 0.05049,
  "anchors": [
   [
    0.0,
    0.0,
    0.0
   ],
   [
    10.0,
    0.0,
    3.0
   ],
   [
    10.0,
    10.0,
    0.0
   ],
   [
    0.0,
    10.0,
    3.0
   ]
  ],
  "source": "synthetic_tier0"
 }
}