{
 "scenario": {
  "type": "mixed",
  "pattern": "hover",
  "duration_s": 40.0,
  "seed": 783743536,
  "mass": {
   "delta": 0.5928995270022497,
   "onset_s": 22.40606731928047,
   "impulse_z": 1.1992977824001951,
   "impulse_xy": 0.5454065938919328,
   "impulse_dir": 5.590649270793393
  },
  "gusts": [
   {
    "speed": 10.765588346438662,
    "dir_rad": 0.50990562308229,
    "start_s": 27.714703621623606,
    "duration_s": 0.5634432986222568
   },
   {
    "speed": 10.965887201207707,
    "dir_rad": 2.5595333701182192,
    "start_s": 31.432961105090712,
    "duration_s": 0.20632222217605356
   },
   {
    "speed": 13.019678246196158,
    "dir_rad": 0.6827127147381423,
    "start_s": 33.15469945480633,
    "duration_s": 0.4272669405165458
   }
  ],
  "sustained": null,
  "dropouts": [
   {
    "anchors": [
     3
    ],
    "start_s": 29.183708051092587,
    "duration_s": 4.695673734447309
   }
  ],
  "heldout": false
 },
 "consts": {
  "mass_nominal": 1.372,
  "g": 9.81,
  "dt": 0.02,
  "Ixx": 0.02663,
  "Iyy": 0.02663,
  "Izz": 0.05049,
  "anchors": [
   [
    0.0,
    0.0,
    0.0
   ],
   [
    10.0,
    0.0,
    3.0
   ],
   [
    10.0,
    10.0,
    0.0
   ],
   [
    0.0,
    10.0,
    3.0
   ]
  ],
  "source": "synthetic_tier0"
 }
}