{
 "scenario": {
  "type": "anchor_dropout",
  "pattern": "waypoint",
  "duration_s": 40.0,
  "seed": 532923643,
  "mass": null,
  "gusts": [],
  "sustained": null,
  "dropouts": [
   {
    "anchors": [
     3
    ],
    "start_s": 7.240389553990035,
    "duration_s": 3.455322293598428
   },
   {
    "anchors": [
     3
    ],
    "start_s": 23.26492247014416,
    "duration_s": 3.6116004574771345
   }
  ],
  "heldout": false
 },
 "consts": {
  "mass_nominal": 1.372,
  "g": 9.81,
  "dt": 0.02,
  "Ixx": 0.02663,
  "Iyy": 0.02663,
  "Izz": 0.05049,
  "anchors": [
   [
    0.0,
    0.0,
    0.0
   ],
   [
    10.0,
    0.0,
    3.0
   ],
   [
    10.0,
    10.0,
    0.0
   ],
   [
    0.0,
    10.0,
    3.0
   ]
  ],
  "source": "synthetic_tier0"
 }
}