{
 "scenario": {
  "type": "gust",
  "pattern": "circle",
  "duration_s": 40.0,
  "seed": 288550748,
  "mass": null,
  "gusts": [
   {
    "speed": 8.106012685999474,
    "dir_rad": 2.8480417113934164,
    "start_s": 11.609590744092674,
    "duration_s": 0.22686666753910678
   },
   {
    "speed": 10.522290629031662,
    "dir_rad": 6.026889609647454,
    "start_s": 19.94595041096426,
    "duration_s": 0.45381610598071886
   }
  ],
  "sustained": null,
  "dropouts": [],
  "heldout": false
 },
 "consts": {
  "mass_nominal": 1.372,
  "g": 9.81,
  "dt": 0.02,
  "Ixx": 0.02663,
  "Iyy": 0.02663,
  "Izz": 0.05049,
  "anchors": [
   [
    0.0,
    0.0,
    0.0
   ],
   [
    10.0,
    0.0,
    3.0
   ],
   [
    10.0,
    10.0,
    0.0
   ],
   [
    0.0,
    10.0,
    3.0
   ]
  ],
  "source": "synthetic_tier0"
 }
}