{
 "scenario": {
  "type": "mixed",
  "pattern": "waypoint",
  "duration_s": 40.0,
  "seed": 1247819294,
  "mass": {
   "delta": 0.5040609413604511,
   "onset_s": 19.090985897777003,
   "impulse_z": 0.6136823226178185,
   "impulse_xy": 0.683423685296578,
   "impulse_dir": 3.030401868601847
  },
  "gusts": [
   {
    "speed": 10.944241966127127,
    "dir_rad": 5.89253740258313,
    "start_s": 19.512997099831857,
    "duration_s": 0.23309199996897545
   },
   {
    "speed": 9.601853978551361,
    "dir_rad": 2.083309452418991,
    "start_s": 26.818694684152177,
    "duration_s": 0.4286912209504301
   },
   {
    "speed": 8.129672479281982,
    "dir_rad": 5.1917452775391375,
    "start_s": 30.59308023220068,
    "duration_s": 0.4082689609886151
   }
  ],
  "sustained": null,
  "dropouts": [],
  "heldout": false
 },
 "consts": {
  "mass_nominal": 1.372,
  "g": 9.81,
  "dt": 0.02,
  "Ixx": 0.02663,
  "Iyy": 0.02663,
  "Izz": 0.05049,
  "anchors": [
   [
    0.0,
    0.0,
    0.0
   ],
   [
    10.0,
    0.0,
    3.0
   ],
   [
    10.0,
    10.0,
    0.0
   ],
   [
    0.0,
    10.0,
    3.0
   ]
  ],
  "source": "synthetic_tier0"
 }
}