{
 "scenario": {
  "type": "mass_step",
  "pattern": "figure8",
  "duration_s": 40.0,
  "seed": 1203599094,
  "mass": {
   "delta": 0.6727194443268845,
   "onset_s": 18.35450466342087,
   "impulse_z": 1.045390769650786,
   "impulse_xy": 0.5362979176655064,
   "impulse_dir": 4.105679637183511
  },
  "gusts": [],
  "sustained": null,
  "dropouts": [],
  "heldout": false
 },
 "consts": {
  "mass_nominal": 1.372,
  "g": 9.81,
  "dt": 0.02,
  "Ixx": 0.02663,
  "Iyy": 0.02663,
  "Izz": 0.05049,
  "anchors": [
   [
    0.0,
    0.0,
    0.0
   ],
   [
    10.0,
    0.0,
    3.0
   ],
   [
    10.0,
    10.0,
    0.0
   ],
   [
    0.0,
    10.0,
    3.0
   ]
  ],
  "source": "synthetic_tier0"
 }
}