{
 "scenario": {
  "type": "gust",
  "pattern": "figure8",
  "duration_s": 40.0,
  "seed": 584634301,
  "mass": null,
  "gusts": [
   {
    "speed": 9.214180188771381,
    "dir_rad": 1.9223821654976467,
    "start_s": 18.506026948777716,
    "duration_s": 0.5610409586175367
   },
   {
    "speed": 13.139685704554253,
    "dir_rad": 4.76591876506936,
    "start_s": 22.453720429266593,
    "duration_s": 0.4316878275767584
   }
  ],
  "sustained": null,
  "dropouts": [],
  "heldout": false
 },
 "consts": {
  "mass_nominal": 1.372,
  "g": 9.81,
  "dt": 0.02,
  "Ixx": 0.02663,
  "Iyy": 0.02663,
  "Izz": 0.05049,
  "anchors": [
   [
    0.0,
    0.0,
    0.0
   ],
   [
    10.0,
    0.0,
    3.0
   ],
   [
    10.0,
    10.0,
    0.0
   ],
   [
    0.0,
    10.0,
    3.0
   ]
  ],
  "source": "synthetic_tier0"
 }
}