{
 "scenario": {
  "type": "mass_step",
  "pattern": "hover",
  "duration_s": 40.0,
  "seed": 784897592,
  "mass": {
   "delta": 0.5316465105405845,
   "onset_s": 15.635575546047624,
   "impulse_z": 0.8215637048045812,
   "impulse_xy": 0.39439890504822106,
   "impulse_dir": 4.795047360729839
  },
  "gusts": [],
  "sustained": null,
  "dropouts": [],
  "heldout": false
 },
 "consts": {
  "mass_nominal": 1.372,
  "g": 9.81,
  "dt": 0.02,
  "Ixx": 0.02663,
  "Iyy": 0.02663,
  "Izz": 0.05049,
  "anchors": [
   [
    0.0,
    0.0,
    0.0
   ],
   [
    10.0,
    0.0,
    3.0
   ],
   [
    10.0,
    10.0,
    0.0
   ],
   [
    0.0,
    10.0,
    3.0
   ]
  ],
  "source": "synthetic_tier0"
 }
}