{
 "scenario": {
  "type": "gust",
  "pattern": "figure8",
  "duration_s": 40.0,
  "seed": 1683801014,
  "mass": null,
  "gusts": [
   {
    "speed": 13.67614672134857,
    "dir_rad": 1.8933916010432932,
    "start_s": 10.001391293197532,
    "duration_s": 0.4289652599834549
   },
   {
    "speed": 11.895398931471853,
    "dir_rad": 5.909928975014138,
    "start_s": 26.92230190902719,
    "duration_s": 0.43120688632301685
   }
  ],
  "sustained": null,
  "dropouts": [],
  "heldout": false
 },
 "consts": {
  "mass_nominal": 1.372,
  "g": 9.81,
  "dt": 0.02,
  "Ixx": 0.02663,
  "Iyy": 0.02663,
  "Izz": 0.05049,
  "anchors": [
   [
    0.0,
    0.0,
    0.0
   ],
   [
    10.0,
    0.0,
    3.0
   ],
   [
    10.0,
    10.0,
    0.0
   ],
   [
    0.0,
    10.0,
    3.0
   ]
  ],
  "source": "synthetic_tier0"
 }
}