{
 "scenario": {
  "type": "mixed",
  "pattern": "circle",
  "duration_s": 40.0,
  "seed": 8606265,
  "mass": {
   "delta": 0.4049739405692671,
   "onset_s": 23.917014983166077,
   "impulse_z": 0.9507833004804993,
   "impulse_xy": 0.35076399020740523,
   "impulse_dir": 5.637915997594844
  },
  "gusts": [
   {
    "speed": 9.639123149005258,
    "dir_rad": 0.3174246139677566,
    "start_s": 23.152456372816754,
    "duration_s": 0.4144801652445501
   },
   {
    "speed": 11.98172627996211,
    "dir_rad": 5.254283408337227,
    "start_s": 27.218329186466125,
    "duration_s": 0.4378270435563457
   }
  ],
  "sustained": null,
  "dropouts": [
   {
    "anchors": [
     3
    ],
    "start_s": 11.506459485554892,
    "duration_s": 4.191427549371455
   },
   {
    "anchors": [
     3
    ],
    "start_s": 25.123329067212655,
    "duration_s": 3.507329013123657
   }
  ],
  "heldout": false
 },
 "consts": {
  "mass_nominal": 1.372,
  "g": 9.81,
  "dt": 0.02,
  "Ixx": 0.02663,
  "Iyy": 0.02663,
  "Izz": 0.05049,
  "anchors": [
   [
    0.0,
    0.0,
    0.0
   ],
   [
    10.0,
    0.0,
    3.0
   ],
   [
    10.0,
    10.0,
    0.0
   ],
   [
    0.0,
    10.0,
    3.0
   ]
  ],
  "source": "synthetic_tier0"
 }
}