{
 "scenario": {
  "type": "gust",
  "pattern": "circle",
  "duration_s": 40.0,
  "seed": 2063842375,
  "mass": null,
  "gusts": [
   {
    "speed": 9.130845818073809,
    "dir_rad": 2.1623021652845713,
    "start_s": 9.869567571958083,
    "duration_s": 0.28573056114199463
   },
   {
    "speed": 10.429964368974904,
    "dir_rad": 5.082905920425316,
    "start_s": 32.57038841166385,
    "duration_s": 0.2387240597219886
   },
   {
    "speed": 11.910016807609964,
    "dir_rad": 5.475224770355177,
    "start_s": 33.81718599938611,
    "duration_s": 0.5897668492435386
   }
  ],
  "sustained": null,
  "dropouts": [],
  "heldout": false
 },
 "consts": {
  "mass_nominal": 1.372,
  "g": 9.81,
  "dt": 0.02,
  "Ixx": 0.02663,
  "Iyy": 0.02663,
  "Izz": 0.05049,
  "anchors": [
   [
    0.0,
    0.0,
    0.0
   ],
   [
    10.0,
    0.0,
    3.0
   ],
   [
    10.0,
    10.0,
    0.0
   ],
   [
    0.0,
    10.0,
    3.0
   ]
  ],
  "source": "synthetic_tier0"
 }
}