{
 "scenario": {
  "type": "gust",
  "pattern": "figure8",
  "duration_s": 40.0,
  "seed": 356942048,
  "mass": null,
  "gusts": [
   {
    "speed": 10.170875663320341,
    "dir_rad": 0.550720685222402,
    "start_s": 23.44584096014317,
    "duration_s": 0.3206048356591506
   },
   {
    "speed": 13.451484144245642,
    "dir_rad": 4.3963895824884425,
    "start_s": 33.4103966467404,
    "duration_s": 0.24720236084820613
   },
   {
    "speed": 12.672505423794767,
    "dir_rad": 4.504353903384995,
    "start_s": 34.754516645323385,
    "duration_s": 0.30634798458380785
   }
  ],
  "sustained": null,
  "dropouts": [],
  "heldout": false
 },
 "consts": {
  "mass_nominal": 1.372,
  "g": 9.81,
  "dt": 0.02,
  "Ixx": 0.02663,
  "Iyy": 0.02663,
  "Izz": 0.05049,
  "anchors": [
   [
    0.0,
    0.0,
    0.0
   ],
   [
    10.0,
    0.0,
    3.0
   ],
   [
    10.0,
    10.0,
    0.0
   ],
   [
    0.0,
    10.0,
    3.0
   ]
  ],
  "source": "synthetic_tier0"
 }
}