{
 "scenario": {
  "type": "mixed",
  "pattern": "circle",
  "duration_s": 40.0,
  "seed": 615200458,
  "mass": {
   "delta": 0.44618907477328795,
   "onset_s": 17.073603990561523,
   "impulse_z": 0.9718011155819168,
   "impulse_xy": 0.6731603129653012,
   "impulse_dir": 6.162681010584211
  },
  "gusts": [
   {
    "speed": 12.744427843375963,
    "dir_rad": 1.7004319627986588,
    "start_s": 9.832486888289312,
    "duration_s": 0.22785625463655787
   },
   {
    "speed": 8.671068814284062,
    "dir_rad": 5.230935770831249,
    "start_s": 25.912220156749207,
    "duration_s": 0.5539396238025442
   }
  ],
  "sustained": null,
  "dropouts": [
   {
    "anchors": [
     1
    ],
    "start_s": 17.966122686497307,
    "duration_s": 4.10436985711866
   }
  ],
  "heldout": false
 },
 "consts": {
  "mass_nominal": 1.372,
  "g": 9.81,
  "dt": 0.02,
  "Ixx": 0.02663,
  "Iyy": 0.02663,
  "Izz": 0.05049,
  "anchors": [
   [
    0.0,
    0.0,
    0.0
   ],
   [
    10.0,
    0.0,
    3.0
   ],
   [
    10.0,
    10.0,
    0.0
   ],
   [
    0.0,
    10.0,
    3.0
   ]
  ],
  "source": "synthetic_tier0"
 }
}