{
 "scenario": {
  "type": "gust",
  "pattern": "circle",
  "duration_s": 40.0,
  "seed": 860676993,
  "mass": null,
  "gusts": [
   {
    "speed": 9.305771160181772,
    "dir_rad": 3.6964371761254244,
    "start_s": 17.296833906596632,
    "duration_s": 0.3647243586342281
   },
   {
    "speed": 10.510400264941161,
    "dir_rad": 2.9790634577803106,
    "start_s": 19.202874988315664,
    "duration_s": 0.32681636452689516
   },
   {
    "speed": 11.394631402591525,
    "dir_rad": 4.410809789960708,
    "start_s": 28.074727842063137,
    "duration_s": 0.29023714728168437
   }
  ],
  "sustained": null,
  "dropouts": [],
  "heldout": false
 },
 "consts": {
  "mass_nominal": 1.372,
  "g": 9.81,
  "dt": 0.02,
  "Ixx": 0.02663,
  "Iyy": 0.02663,
  "Izz": 0.05049,
  "anchors": [
   [
    0.0,
    0.0,
    0.0
   ],
   [
    10.0,
    0.0,
    3.0
   ],
   [
    10.0,
    10.0,
    0.0
   ],
   [
    0.0,
    10.0,
    3.0
   ]
  ],
  "source": "synthetic_tier0"
 }
}