{
 "scenario": {
  "type": "mixed",
  "pattern": "hover",
  "duration_s": 40.0,
  "seed": 2069272104,
  "mass": {
   "delta": 0.6566926365107211,
   "onset_s": 14.251311513180402,
   "impulse_z": 0.9565636165809479,
   "impulse_xy": 0.6512589698622149,
   "impulse_dir": 2.352826303564596
  },
  "gusts": [
   {
    "speed": 11.386356082155071,
    "dir_rad": 6.170994612154514,
    "start_s": 19.23674978074594,
    "duration_s": 0.5243851608959686
   },
   {
    "speed": 10.219906207083188,
    "dir_rad": 2.6239794035986312,
    "start_s": 26.199162867645803,
    "duration_s": 0.44288457219762883
   }
  ],
  "sustained": null,
  "dropouts": [
   {
    "anchors": [
     0
    ],
    "start_s": 25.611369572996097,
    "duration_s": 4.589501116835144
   }
  ],
  "heldout": false
 },
 "consts": {
  "mass_nominal": 1.372,
  "g": 9.81,
  "dt": 0.02,
  "Ixx": 0.02663,
  "Iyy": 0.02663,
  "Izz": 0.05049,
  "anchors": [
   [
    0.0,
    0.0,
    0.0
   ],
   [
    10.0,
    0.0,
    3.0
   ],
   [
    10.0,
    10.0,
    0.0
   ],
   [
    0.0,
    10.0,
    3.0
   ]
  ],
  "source": "synthetic_tier0"
 }
}