{
 "scenario": {
  "type": "anchor_dropout",
  "pattern": "hover",
  "duration_s": 40.0,
  "seed": 1256313990,
  "mass": null,
  "gusts": [],
  "sustained": null,
  "dropouts": [
   {
    "anchors": [
     3
    ],
    "start_s": 17.488863395398717,
    "duration_s": 3.876772517168386
   },
   {
    "anchors": [
     3
    ],
    "start_s": 28.300414753311507,
    "duration_s": 4.349194953958048
   }
  ],
  "heldout": false
 },
 "consts": {
  "mass_nominal": 1.372,
  "g": 9.81,
  "dt": 0.02,
  "Ixx": 0.02663,
  "Iyy": 0.02663,
  "Izz": 0.05049,
  "anchors": [
   [
    0.0,
    0.0,
    0.0
   ],
   [
    10.0,
    0.0,
    3.0
   ],
   [
    10.0,
    10.0,
    0.0
   ],
   [
    0.0,
    10.0,
    3.0
   ]
  ],
  "source": "synthetic_tier0"
 }
}