{
 "scenario": {
  "type": "gust",
  "pattern": "circle",
  "duration_s": 40.0,
  "seed": 1350220221,
  "mass": null,
  "gusts": [
   {
    "speed": 10.963944915467113,
    "dir_rad": 2.0725791227378023,
    "start_s": 7.149952640749815,
    "duration_s": 0.36632296086824384
   },
   {
    "speed": 11.525867433066272,
    "dir_rad": 1.0718672334191122,
    "start_s": 11.124710047475261,
    "duration_s": 0.25780967554641876
   }
  ],
  "sustained": null,
  "dropouts": [],
  "heldout": false
 },
 "consts": {
  "mass_nominal": 1.372,
  "g": 9.81,
  "dt": 0.02,
  "Ixx": 0.02663,
  "Iyy": 0.02663,
  "Izz": 0.05049,
  "anchors": [
   [
    0.0,
    0.0,
    0.0
   ],
   [
    10.0,
    0.0,
    3.0
   ],
   [
    10.0,
    10.0,
    0.0
   ],
   [
    0.0,
    10.0,
    3.0
   ]
  ],
  "source": "synthetic_tier0"
 }
}