{
 "scenario": {
  "type": "mass_step",
  "pattern": "waypoint",
  "duration_s": 40.0,
  "seed": 1735151648,
  "mass": {
   "delta": 0.6165720338538029,
   "onset_s": 14.026476499352576,
   "impulse_z": 1.1620018151190759,
   "impulse_xy": 0.37516143161459065,
   "impulse_dir": 0.6742634614280171
  },
  "gusts": [],
  "sustained": null,
  "dropouts": [],
  "heldout": false
 },
 "consts": {
  "mass_nominal": 1.372,
  "g": 9.81,
  "dt": 0.02,
  "Ixx": 0.02663,
  "Iyy": 0.02663,
  "Izz": 0.05049,
  "anchors": [
   [
    0.0,
    0.0,
    0.0
   ],
   [
    10.0,
    0.0,
    3.0
   ],
   [
    10.0,
    10.0,
    0.0
   ],
   [
    0.0,
    10.0,
    3.0
   ]
  ],
  "source": "synthetic_tier0"
 }
}