{
 "scenario": {
  "type": "mass_step",
  "pattern": "hover",
  "duration_s": 40.0,
  "seed": 246001336,
  "mass": {
   "delta": 0.6659672686515608,
   "onset_s": 14.251124183273895,
   "impulse_z": 0.6508869547414579,
   "impulse_xy": 0.43677077541826415,
   "impulse_dir": 4.509059748318379
  },
  "gusts": [],
  "sustained": null,
  "dropouts": [],
  "heldout": false
 },
 "consts": {
  "mass_nominal": 1.372,
  "g": 9.81,
  "dt": 0.02,
  "Ixx": 0.02663,
  "Iyy": 0.02663,
  "Izz": 0.05049,
  "anchors": [
   [
    0.0,
    0.0,
    0.0
   ],
   [
    10.0,
    0.0,
    3.0
   ],
   [
    10.0,
    10.0,
    0.0
   ],
   [
    0.0,
    10.0,
    3.0
   ]
  ],
  "source": "synthetic_tier0"
 }
}