{
 "scenario": {
  "type": "mass_step",
  "pattern": "circle",
  "duration_s": 40.0,
  "seed": 1978558636,
  "mass": {
   "delta": 0.4420166214068472,
   "onset_s": 20.132503373453634,
   "impulse_z": 1.0886843256185603,
   "impulse_xy": 0.394102555366258,
   "impulse_dir": 1.7354620478051075
  },
  "gusts": [],
  "sustained": null,
  "dropouts": [],
  "heldout": false
 },
 "consts": {
  "mass_nominal": 1.372,
  "g": 9.81,
  "dt": 0.02,
  "Ixx": 0.02663,
  "Iyy": 0.02663,
  "Izz": 0.05049,
  "anchors": [
   [
    0.0,
    0.0,
    0.0
   ],
   [
    10.0,
    0.0,
    3.0
   ],
   [
    10.0,
    10.0,
    0.0
   ],
   [
    0.0,
    10.0,
    3.0
   ]
  ],
  "source": "synthetic_tier0"
 }
}