{
 "scenario": {
  "type": "gust",
  "pattern": "circle",
  "duration_s": 40.0,
  "seed": 1167147902,
  "mass": null,
  "gusts": [
   {
    "speed": 10.897630336830703,
    "dir_rad": 2.8676700141089544,
    "start_s": 25.320519551055664,
    "duration_s": 0.5887215274586846
   },
   {
    "speed": 10.349041050106589,
    "dir_rad": 0.563936209002143,
    "start_s": 29.34505253913649,
    "duration_s": 0.3545365828892727
   },
   {
    "speed": 10.676437357521356,
    "dir_rad": 5.847663104043507,
    "start_s": 33.093350042282694,
    "duration_s": 0.23097443410417529
   },
   {
    "speed": 8.945140047904877,
    "dir_rad": 1.2932038993860728,
    "start_s": 34.327842074605314,
    "duration_s": 0.44488840343758096
   }
  ],
  "sustained": null,
  "dropouts": [],
  "heldout": false
 },
 "consts": {
  "mass_nominal": 1.372,
  "g": 9.81,
  "dt": 0.02,
  "Ixx": 0.02663,
  "Iyy": 0.02663,
  "Izz": 0.05049,
  "anchors": [
   [
    0.0,
    0.0,
    0.0
   ],
   [
    10.0,
    0.0,
    3.0
   ],
   [
    10.0,
    10.0,
    0.0
   ],
   [
    0.0,
    10.0,
    3.0
   ]
  ],
  "source": "synthetic_tier0"
 }
}