{
 "scenario": {
  "type": "mixed",
  "pattern": "waypoint",
  "duration_s": 40.0,
  "seed": 1833917482,
  "mass": {
   "delta": 0.49666470214688146,
   "onset_s": 18.534580824496075,
   "impulse_z": 0.8938945536554777,
   "impulse_xy": 0.552881000045945,
   "impulse_dir": 2.0992830035184094
  },
  "gusts": [
   {
    "speed": 13.059937314571874,
    "dir_rad": 6.1462397067978625,
    "start_s": 31.34643339205724,
    "duration_s": 0.5650687341022145
   },
   {
    "speed": 12.575540551775845,
    "dir_rad": 3.0197468052550893,
    "start_s": 33.363039090804286,
    "duration_s": 0.4979966103118754
   },
   {
    "speed": 11.868915166155743,
    "dir_rad": 1.8178520282293864,
    "start_s": 34.885058328731056,
    "duration_s": 0.38258087780570865
   },
   {
    "speed": 10.45989432935026,
    "dir_rad": 1.3751166287575836,
    "start_s": 36.32623534394637,
    "duration_s": 0.30312336388094174
   }
  ],
  "sustained": null,
  "dropouts": [],
  "heldout": false
 },
 "consts": {
  "mass_nominal": 1.372,
  "g": 9.81,
  "dt": 0.02,
  "Ixx": 0.02663,
  "Iyy": 0.02663,
  "Izz": 0.05049,
  "anchors": [
   [
    0.0,
    0.0,
    0.0
   ],
   [
    10.0,
    0.0,
    3.0
   ],
   [
    10.0,
    10.0,
    0.0
   ],
   [
    0.0,
    10.0,
    3.0
   ]
  ],
  "source": "synthetic_tier0"
 }
}