{
 "scenario": {
  "type": "gust",
  "pattern": "figure8",
  "duration_s": 40.0,
  "seed": 1805590444,
  "mass": null,
  "gusts": [
   {
    "speed": 13.79739147285909,
    "dir_rad": 3.745045812936018,
    "start_s": 17.62785074311462,
    "duration_s": 0.25613583882556507
   },
   {
    "speed": 10.80428960933175,
    "dir_rad": 4.930814173952917,
    "start_s": 30.581649827060332,
    "duration_s": 0.5732092886400845
   }
  ],
  "sustained": null,
  "dropouts": [],
  "heldout": false
 },
 "consts": {
  "mass_nominal": 1.372,
  "g": 9.81,
  "dt": 0.02,
  "Ixx": 0.02663,
  "Iyy": 0.02663,
  "Izz": 0.05049,
  "anchors": [
   [
    0.0,
    0.0,
    0.0
   ],
   [
    10.0,
    0.0,
    3.0
   ],
   [
    10.0,
    10.0,
    0.0
   ],
   [
    0.0,
    10.0,
    3.0
   ]
  ],
  "source": "synthetic_tier0"
 }
}