{
 "scenario": {
  "type": "gust",
  "pattern": "figure8",
  "duration_s": 40.0,
  "seed": 1122343190,
  "mass": null,
  "gusts": [
   {
    "speed": 11.597560649135673,
    "dir_rad": 5.8511298336012745,
    "start_s": 19.524519050091698,
    "duration_s": 0.5196978866048266
   },
   {
    "speed": 8.52625407146461,
    "dir_rad": 4.13347692669954,
    "start_s": 22.532356127188997,
    "duration_s": 0.24789343540044914
   },
   {
    "speed": 12.027388479851556,
    "dir_rad": 2.0963078610483197,
    "start_s": 31.409101961762346,
    "duration_s": 0.3674433203161518
   },
   {
    "speed": 9.623209645461055,
    "dir_rad": 2.2882859350574565,
    "start_s": 33.282949056678355,
    "duration_s": 0.5593466189446143
   }
  ],
  "sustained": null,
  "dropouts": [],
  "heldout": false
 },
 "consts": {
  "mass_nominal": 1.372,
  "g": 9.81,
  "dt": 0.02,
  "Ixx": 0.02663,
  "Iyy": 0.02663,
  "Izz": 0.05049,
  "anchors": [
   [
    0.0,
    0.0,
    0.0
   ],
   [
    10.0,
    0.0,
    3.0
   ],
   [
    10.0,
    10.0,
    0.0
   ],
   [
    0.0,
    10.0,
    3.0
   ]
  ],
  "source": "synthetic_tier0"
 }
}