{
 "scenario": {
  "type": "gust",
  "pattern": "waypoint",
  "duration_s": 40.0,
  "seed": 1622508811,
  "mass": null,
  "gusts": [
   {
    "speed": 11.584367174443045,
    "dir_rad": 4.203122102248074,
    "start_s": 31.47789444422714,
    "duration_s": 0.5307159527694978
   },
   {
    "speed": 10.354908405589663,
    "dir_rad": 5.805037422004379,
    "start_s": 33.737000350327996,
    "duration_s": 0.22103039612922215
   },
   {
    "speed": 8.231251995940614,
    "dir_rad": 4.275197442513936,
    "start_s": 34.95849262634155,
    "duration_s": 0.431591009900097
   }
  ],
  "sustained": null,
  "dropouts": [],
  "heldout": false
 },
 "consts": {
  "mass_nominal": 1.372,
  "g": 9.81,
  "dt": 0.02,
  "Ixx": 0.02663,
  "Iyy": 0.02663,
  "Izz": 0.05049,
  "anchors": [
   [
    0.0,
    0.0,
    0.0
   ],
   [
    10.0,
    0.0,
    3.0
   ],
   [
    10.0,
    10.0,
    0.0
   ],
   [
    0.0,
    10.0,
    3.0
   ]
  ],
  "source": "synthetic_tier0"
 }
}