{
 "scenario": {
  "type": "mass_step",
  "pattern": "waypoint",
  "duration_s": 40.0,
  "seed": 1213495571,
  "mass": {
   "delta": 0.4811025364597983,
   "onset_s": 13.927059751019025,
   "impulse_z": 1.0649447420287967,
   "impulse_xy": 0.4986361915385126,
   "impulse_dir": 3.370853039999424
  },
  "gusts": [],
  "sustained": null,
  "dropouts": [],
  "heldout": false
 },
 "consts": {
  "mass_nominal": 1.372,
  "g": 9.81,
  "dt": 0.02,
  "Ixx": 0.02663,
  "Iyy": 0.02663,
  "Izz": 0.05049,
  "anchors": [
   [
    0.0,
    0.0,
    0.0
   ],
   [
    10.0,
    0.0,
    3.0
   ],
   [
    10.0,
    10.0,
    0.0
   ],
   [
    0.0,
    10.0,
    3.0
   ]
  ],
  "source": "synthetic_tier0"
 }
}