{
 "scenario": {
  "type": "gust",
  "pattern": "hover",
  "duration_s": 40.0,
  "seed": 715314263,
  "mass": null,
  "gusts": [
   {
    "speed": 9.562091260491501,
    "dir_rad": 2.026267200394306,
    "start_s": 29.12281193442025,
    "duration_s": 0.5122324550106336
   },
   {
    "speed": 12.099550145952877,
    "dir_rad": 1.434155113433256,
    "start_s": 32.10724729273995,
    "duration_s": 0.2969931412113331
   },
   {
    "speed": 8.29141573908175,
    "dir_rad": 2.8951008136361804,
    "start_s": 33.64936446770885,
    "duration_s": 0.33229429682194667
   }
  ],
  "sustained": null,
  "dropouts": [],
  "heldout": false
 },
 "consts": {
  "mass_nominal": 1.372,
  "g": 9.81,
  "dt": 0.02,
  "Ixx": 0.02663,
  "Iyy": 0.02663,
  "Izz": 0.05049,
  "anchors": [
   [
    0.0,
    0.0,
    0.0
   ],
   [
    10.0,
    0.0,
    3.0
   ],
   [
    10.0,
    10.0,
    0.0
   ],
   [
    0.0,
    10.0,
    3.0
   ]
  ],
  "source": "synthetic_tier0"
 }
}