{
 "scenario": {
  "type": "mixed",
  "pattern": "waypoint",
  "duration_s": 40.0,
  "seed": 1206166068,
  "mass": {
   "delta": 0.5289871149700143,
   "onset_s": 17.190187118908394,
   "impulse_z": 0.7518208499578101,
   "impulse_xy": 0.6103164345748362,
   "impulse_dir": 4.849672452733642
  },
  "gusts": [
   {
    "speed": 9.278449606394014,
    "dir_rad": 0.027053986411169843,
    "start_s": 29.090119739680905,
    "duration_s": 0.35132720568951425
   },
   {
    "speed": 8.231865858961308,
    "dir_rad": 1.3068904406466562,
    "start_s": 33.55299597299177,
    "duration_s": 0.4284669448222964
   }
  ],
  "sustained": null,
  "dropouts": [],
  "heldout": false
 },
 "consts": {
  "mass_nominal": 1.372,
  "g": 9.81,
  "dt": 0.02,
  "Ixx": 0.02663,
  "Iyy": 0.02663,
  "Izz": 0.05049,
  "anchors": [
   [
    0.0,
    0.0,
    0.0
   ],
   [
    10.0,
    0.0,
    3.0
   ],
   [
    10.0,
    10.0,
    0.0
   ],
   [
    0.0,
    10.0,
    3.0
   ]
  ],
  "source": "synthetic_tier0"
 }
}