{
 "scenario": {
  "type": "gust",
  "pattern": "hover",
  "duration_s": 40.0,
  "seed": 1592823862,
  "mass": null,
  "gusts": [
   {
    "speed": 8.627690580828652,
    "dir_rad": 5.679831699327679,
    "start_s": 21.665665975534502,
    "duration_s": 0.5131840520104339
   },
   {
    "speed": 8.599174862964377,
    "dir_rad": 1.2842665336722283,
    "start_s": 31.37923809634453,
    "duration_s": 0.5462290157284113
   },
   {
    "speed": 13.875347802243677,
    "dir_rad": 2.3696699142917548,
    "start_s": 32.93882109270269,
    "duration_s": 0.49744014604306075
   }
  ],
  "sustained": null,
  "dropouts": [],
  "heldout": false
 },
 "consts": {
  "mass_nominal": 1.372,
  "g": 9.81,
  "dt": 0.02,
  "Ixx": 0.02663,
  "Iyy": 0.02663,
  "Izz": 0.05049,
  "anchors": [
   [
    0.0,
    0.0,
    0.0
   ],
   [
    10.0,
    0.0,
    3.0
   ],
   [
    10.0,
    10.0,
    0.0
   ],
   [
    0.0,
    10.0,
    3.0
   ]
  ],
  "source": "synthetic_tier0"
 }
}