{
 "scenario": {
  "type": "mass_step",
  "pattern": "circle",
  "duration_s": 40.0,
  "seed": 1115170215,
  "mass": {
   "delta": 0.5482424939552271,
   "onset_s": 13.39028069202322,
   "impulse_z": 0.6432354882437662,
   "impulse_xy": 0.6367972844157852,
   "impulse_dir": 0.34914351905987134
  },
  "gusts": [],
  "sustained": null,
  "dropouts": [],
  "heldout": false
 },
 "consts": {
  "mass_nominal": 1.372,
  "g": 9.81,
  "dt": 0.02,
  "Ixx": 0.02663,
  "Iyy": 0.02663,
  "Izz": 0.05049,
  "anchors": [
   [
    0.0,
    0.0,
    0.0
   ],
   [
    10.0,
    0.0,
    3.0
   ],
   [
    10.0,
    10.0,
    0.0
   ],
   [
    0.0,
    10.0,
    3.0
   ]
  ],
  "source": "synthetic_tier0"
 }
}