{
 "scenario": {
  "type": "gust",
  "pattern": "waypoint",
  "duration_s": 40.0,
  "seed": 258054829,
  "mass": null,
  "gusts": [
   {
    "speed": 11.188466246027467,
    "dir_rad": 0.6596070084700779,
    "start_s": 19.799154461270977,
    "duration_s": 0.3362363182366097
   },
   {
    "speed": 11.784993442188455,
    "dir_rad": 1.115306750695616,
    "start_s": 32.6068710340557,
    "duration_s": 0.3594210026806163
   },
   {
    "speed": 8.148938790791435,
    "dir_rad": 5.827405925862543,
    "start_s": 33.98545233770259,
    "duration_s": 0.335542254243842
   },
   {
    "speed": 11.590863149346418,
    "dir_rad": 0.04595808431028311,
    "start_s": 35.35174809918851,
    "duration_s": 0.3792829313027486
   }
  ],
  "sustained": null,
  "dropouts": [],
  "heldout": false
 },
 "consts": {
  "mass_nominal": 1.372,
  "g": 9.81,
  "dt": 0.02,
  "Ixx": 0.02663,
  "Iyy": 0.02663,
  "Izz": 0.05049,
  "anchors": [
   [
    0.0,
    0.0,
    0.0
   ],
   [
    10.0,
    0.0,
    3.0
   ],
   [
    10.0,
    10.0,
    0.0
   ],
   [
    0.0,
    10.0,
    3.0
   ]
  ],
  "source": "synthetic_tier0"
 }
}