{
 "scenario": {
  "type": "gust",
  "pattern": "circle",
  "duration_s": 40.0,
  "seed": 1925767495,
  "mass": null,
  "gusts": [
   {
    "speed": 11.889102378002807,
    "dir_rad": 4.911924395100705,
    "start_s": 28.837694654896374,
    "duration_s": 0.2241323274296887
   },
   {
    "speed": 13.137374022779646,
    "dir_rad": 3.9651011185214218,
    "start_s": 32.337286791167074,
    "duration_s": 0.37126794540354935
   }
  ],
  "sustained": null,
  "dropouts": [],
  "heldout": false
 },
 "consts": {
  "mass_nominal": 1.372,
  "g": 9.81,
  "dt": 0.02,
  "Ixx": 0.02663,
  "Iyy": 0.02663,
  "Izz": 0.05049,
  "anchors": [
   [
    0.0,
    0.0,
    0.0
   ],
   [
    10.0,
    0.0,
    3.0
   ],
   [
    10.0,
    10.0,
    0.0
   ],
   [
    0.0,
    10.0,
    3.0
   ]
  ],
  "source": "synthetic_tier0"
 }
}