{
 "scenario": {
  "type": "gust",
  "pattern": "figure8",
  "duration_s": 40.0,
  "seed": 1855719709,
  "mass": null,
  "gusts": [
   {
    "speed": 9.355573747500696,
    "dir_rad": 2.751039692326926,
    "start_s": 8.5054928173925,
    "duration_s": 0.33916031030263694
   },
   {
    "speed": 12.62463928199222,
    "dir_rad": 3.395915211120312,
    "start_s": 18.764090068873784,
    "duration_s": 0.5782774607297894
   },
   {
    "speed": 11.919151310136911,
    "dir_rad": 4.227662563370029,
    "start_s": 24.635236219227078,
    "duration_s": 0.2731235081723906
   }
  ],
  "sustained": null,
  "dropouts": [],
  "heldout": false
 },
 "consts": {
  "mass_nominal": 1.372,
  "g": 9.81,
  "dt": 0.02,
  "Ixx": 0.02663,
  "Iyy": 0.02663,
  "Izz": 0.05049,
  "anchors": [
   [
    0.0,
    0.0,
    0.0
   ],
   [
    10.0,
    0.0,
    3.0
   ],
   [
    10.0,
    10.0,
    0.0
   ],
   [
    0.0,
    10.0,
    3.0
   ]
  ],
  "source": "synthetic_tier0"
 }
}