{
 "scenario": {
  "type": "gust",
  "pattern": "hover",
  "duration_s": 40.0,
  "seed": 1140484413,
  "mass": null,
  "gusts": [
   {
    "speed": 13.96888935697765,
    "dir_rad": 3.0553912006980872,
    "start_s": 18.050591673941334,
    "duration_s": 0.4032771659112979
   },
   {
    "speed": 8.400954528208777,
    "dir_rad": 3.7256563926339727,
    "start_s": 25.42394743543606,
    "duration_s": 0.3911786322959324
   },
   {
    "speed": 8.305000771690864,
    "dir_rad": 6.1662370152484245,
    "start_s": 31.210602693204944,
    "duration_s": 0.29118710888927296
   }
  ],
  "sustained": null,
  "dropouts": [],
  "heldout": false
 },
 "consts": {
  "mass_nominal": 1.372,
  "g": 9.81,
  "dt": 0.02,
  "Ixx": 0.02663,
  "Iyy": 0.02663,
  "Izz": 0.05049,
  "anchors": [
   [
    0.0,
    0.0,
    0.0
   ],
   [
    10.0,
    0.0,
    3.0
   ],
   [
    10.0,
    10.0,
    0.0
   ],
   [
    0.0,
    10.0,
    3.0
   ]
  ],
  "source": "synthetic_tier0"
 }
}