{
 "scenario": {
  "type": "mixed",
  "pattern": "waypoint",
  "duration_s": 40.0,
  "seed": 95883187,
  "mass": {
   "delta": 0.46985568548311185,
   "onset_s": 15.50471196377434,
   "impulse_z": 0.8941185254409518,
   "impulse_xy": 0.5345780692059183,
   "impulse_dir": 3.099432328443881
  },
  "gusts": [
   {
    "speed": 11.825532202870754,
    "dir_rad": 4.078723773973257,
    "start_s": 29.36953508280422,
    "duration_s": 0.2974669816222854
   },
   {
    "speed": 8.348650890328685,
    "dir_rad": 2.3034684176974283,
    "start_s": 32.85265561336907,
    "duration_s": 0.46808130214054194
   }
  ],
  "sustained": null,
  "dropouts": [],
  "heldout": false
 },
 "consts": {
  "mass_nominal": 1.372,
  "g": 9.81,
  "dt": 0.02,
  "Ixx": 0.02663,
  "Iyy": 0.02663,
  "Izz": 0.05049,
  "anchors": [
   [
    0.0,
    0.0,
    0.0
   ],
   [
    10.0,
    0.0,
    3.0
   ],
   [
    10.0,
    10.0,
    0.0
   ],
   [
    0.0,
    10.0,
    3.0
   ]
  ],
  "source": "synthetic_tier0"
 }
}