{
 "scenario": {
  "type": "gust",
  "pattern": "circle",
  "duration_s": 40.0,
  "seed": 843805147,
  "mass": null,
  "gusts": [
   {
    "speed": 10.766596580929445,
    "dir_rad": 4.146596318709535,
    "start_s": 26.095101527380834,
    "duration_s": 0.32766259784322804
   },
   {
    "speed": 13.700366567746624,
    "dir_rad": 2.1533333247279325,
    "start_s": 30.324408496044512,
    "duration_s": 0.43987814268639613
   }
  ],
  "sustained": null,
  "dropouts": [],
  "heldout": false
 },
 "consts": {
  "mass_nominal": 1.372,
  "g": 9.81,
  "dt": 0.02,
  "Ixx": 0.02663,
  "Iyy": 0.02663,
  "Izz": 0.05049,
  "anchors": [
   [
    0.0,
    0.0,
    0.0
   ],
   [
    10.0,
    0.0,
    3.0
   ],
   [
    10.0,
    10.0,
    0.0
   ],
   [
    0.0,
    10.0,
    3.0
   ]
  ],
  "source": "synthetic_tier0"
 }
}