{
 "scenario": {
  "type": "mass_step",
  "pattern": "figure8",
  "duration_s": 40.0,
  "seed": 1962189937,
  "mass": {
   "delta": 0.4357652578593234,
   "onset_s": 13.609135318473184,
   "impulse_z": 0.7668453274687543,
   "impulse_xy": 0.4218818415043325,
   "impulse_dir": 2.688595185097585
  },
  "gusts": [],
  "sustained": null,
  "dropouts": [],
  "heldout": false
 },
 "consts": {
  "mass_nominal": 1.372,
  "g": 9.81,
  "dt": 0.02,
  "Ixx": 0.02663,
  "Iyy": 0.02663,
  "Izz": 0.05049,
  "anchors": [
   [
    0.0,
    0.0,
    0.0
   ],
   [
    10.0,
    0.0,
    3.0
   ],
   [
    10.0,
    10.0,
    0.0
   ],
   [
    0.0,
    10.0,
    3.0
   ]
  ],
  "source": "synthetic_tier0"
 }
}