{
 "scenario": {
  "type": "gust",
  "pattern": "figure8",
  "duration_s": 40.0,
  "seed": 2016069145,
  "mass": null,
  "gusts": [
   {
    "speed": 9.018799842636245,
    "dir_rad": 1.2263868531306403,
    "start_s": 14.171113957753521,
    "duration_s": 0.4228007127525801
   },
   {
    "speed": 10.417277651045778,
    "dir_rad": 5.240936133039177,
    "start_s": 32.85483069704508,
    "duration_s": 0.22317813781525198
   },
   {
    "speed": 9.052773479474528,
    "dir_rad": 5.101872337334233,
    "start_s": 34.09720095100144,
    "duration_s": 0.47253178907587645
   }
  ],
  "sustained": null,
  "dropouts": [],
  "heldout": false
 },
 "consts": {
  "mass_nominal": 1.372,
  "g": 9.81,
  "dt": 0.02,
  "Ixx": 0.02663,
  "Iyy": 0.02663,
  "Izz": 0.05049,
  "anchors": [
   [
    0.0,
    0.0,
    0.0
   ],
   [
    10.0,
    0.0,
    3.0
   ],
   [
    10.0,
    10.0,
    0.0
   ],
   [
    0.0,
    10.0,
    3.0
   ]
  ],
  "source": "synthetic_tier0"
 }
}