{
 "scenario": {
  "type": "mass_step",
  "pattern": "figure8",
  "duration_s": 40.0,
  "seed": 107603296,
  "mass": {
   "delta": 0.5027211030431886,
   "onset_s": 21.533484365950613,
   "impulse_z": 0.9736252469929249,
   "impulse_xy": 0.6003354338979439,
   "impulse_dir": 4.986558183141921
  },
  "gusts": [],
  "sustained": null,
  "dropouts": [],
  "heldout": false
 },
 "consts": {
  "mass_nominal": 1.372,
  "g": 9.81,
  "dt": 0.02,
  "Ixx": 0.02663,
  "Iyy": 0.02663,
  "Izz": 0.05049,
  "anchors": [
   [
    0.0,
    0.0,
    0.0
   ],
   [
    10.0,
    0.0,
    3.0
   ],
   [
    10.0,
    10.0,
    0.0
   ],
   [
    0.0,
    10.0,
    3.0
   ]
  ],
  "source": "synthetic_tier0"
 }
}