{
 "scenario": {
  "type": "mixed",
  "pattern": "figure8",
  "duration_s": 40.0,
  "seed": 1547682759,
  "mass": {
   "delta": 0.6889633670648139,
   "onset_s": 21.384062048858127,
   "impulse_z": 1.1200808629571557,
   "impulse_xy": 0.34564162847345486,
   "impulse_dir": 4.601889760790499
  },
  "gusts": [
   {
    "speed": 13.818890700233418,
    "dir_rad": 6.18628653502225,
    "start_s": 24.039332371669094,
    "duration_s": 0.42124152096451006
   },
   {
    "speed": 12.499901227611613,
    "dir_rad": 2.1770788552447624,
    "start_s": 31.495061572263907,
    "duration_s": 0.3152912981951621
   },
   {
    "speed": 12.66405876517507,
    "dir_rad": 3.07687422271362,
    "start_s": 32.84884707586847,
    "duration_s": 0.24954790994568843
   },
   {
    "speed": 13.867501874443041,
    "dir_rad": 2.5860082897734302,
    "start_s": 34.144892331433525,
    "duration_s": 0.5942160677979704
   }
  ],
  "sustained": null,
  "dropouts": [],
  "heldout": false
 },
 "consts": {
  "mass_nominal": 1.372,
  "g": 9.81,
  "dt": 0.02,
  "Ixx": 0.02663,
  "Iyy": 0.02663,
  "Izz": 0.05049,
  "anchors": [
   [
    0.0,
    0.0,
    0.0
   ],
   [
    10.0,
    0.0,
    3.0
   ],
   [
    10.0,
    10.0,
    0.0
   ],
   [
    0.0,
    10.0,
    3.0
   ]
  ],
  "source": "synthetic_tier0"
 }
}