{
 "scenario": {
  "type": "gust",
  "pattern": "figure8",
  "duration_s": 40.0,
  "seed": 98003640,
  "mass": null,
  "gusts": [
   {
    "speed": 12.471223056686064,
    "dir_rad": 0.8240722319820223,
    "start_s": 11.951138879899046,
    "duration_s": 0.3838837857814368
   },
   {
    "speed": 12.483618801152419,
    "dir_rad": 5.621489785279407,
    "start_s": 26.11319085035484,
    "duration_s": 0.27943346541252323
   },
   {
    "speed": 13.736279957135775,
    "dir_rad": 0.9702688777500253,
    "start_s": 28.090003462846884,
    "duration_s": 0.30903459896635666
   },
   {
    "speed": 11.176348124157725,
    "dir_rad": 5.54695662530782,
    "start_s": 30.658133412826075,
    "duration_s": 0.2790667929018558
   }
  ],
  "sustained": null,
  "dropouts": [],
  "heldout": false
 },
 "consts": {
  "mass_nominal": 1.372,
  "g": 9.81,
  "dt": 0.02,
  "Ixx": 0.02663,
  "Iyy": 0.02663,
  "Izz": 0.05049,
  "anchors": [
   [
    0.0,
    0.0,
    0.0
   ],
   [
    10.0,
    0.0,
    3.0
   ],
   [
    10.0,
    10.0,
    0.0
   ],
   [
    0.0,
    10.0,
    3.0
   ]
  ],
  "source": "synthetic_tier0"
 }
}