{
 "scenario": {
  "type": "mixed",
  "pattern": "circle",
  "duration_s": 40.0,
  "seed": 51467744,
  "mass": {
   "delta": 0.595037504667639,
   "onset_s": 13.085288723809592,
   "impulse_z": 1.138220039337975,
   "impulse_xy": 0.31159980128178777,
   "impulse_dir": 1.5131673158407277
  },
  "gusts": [
   {
    "speed": 9.189225363277387,
    "dir_rad": 5.721708728864845,
    "start_s": 27.549710828264825,
    "duration_s": 0.257208750066654
   },
   {
    "speed": 8.032579004772202,
    "dir_rad": 0.32457626518437366,
    "start_s": 28.97798991318668,
    "duration_s": 0.462507615730996
   },
   {
    "speed": 9.431316923764332,
    "dir_rad": 5.336993161642665,
    "start_s": 32.938822449576854,
    "duration_s": 0.4423700710590911
   }
  ],
  "sustained": null,
  "dropouts": [
   {
    "anchors": [
     3
    ],
    "start_s": 23.869992689036152,
    "duration_s": 4.855590860344561
   },
   {
    "anchors": [
     1
    ],
    "start_s": 29.809381571246256,
    "duration_s": 4.396241567957274
   }
  ],
  "heldout": false
 },
 "consts": {
  "mass_nominal": 1.372,
  "g": 9.81,
  "dt": 0.02,
  "Ixx": 0.02663,
  "Iyy": 0.02663,
  "Izz": 0.05049,
  "anchors": [
   [
    0.0,
    0.0,
    0.0
   ],
   [
    10.0,
    0.0,
    3.0
   ],
   [
    10.0,
    10.0,
    0.0
   ],
   [
    0.0,
    10.0,
    3.0
   ]
  ],
  "source": "synthetic_tier0"
 }
}