{
 "scenario": {
  "type": "mixed",
  "pattern": "waypoint",
  "duration_s": 40.0,
  "seed": 1757199886,
  "mass": {
   "delta": 0.5547267028864153,
   "onset_s": 23.23412317968235,
   "impulse_z": 1.1863156379486144,
   "impulse_xy": 0.3945441741534178,
   "impulse_dir": 0.30861525753353336
  },
  "gusts": [
   {
    "speed": 9.170745446554019,
    "dir_rad": 3.5724288775337993,
    "start_s": 7.756640759778898,
    "duration_s": 0.2614407330151034
   },
   {
    "speed": 11.755937340194485,
    "dir_rad": 1.2683693493137933,
    "start_s": 22.135322199529636,
    "duration_s": 0.5649795185182567
   }
  ],
  "sustained": null,
  "dropouts": [],
  "heldout": false
 },
 "consts": {
  "mass_nominal": 1.372,
  "g": 9.81,
  "dt": 0.02,
  "Ixx": 0.02663,
  "Iyy": 0.02663,
  "Izz": 0.05049,
  "anchors": [
   [
    0.0,
    0.0,
    0.0
   ],
   [
    10.0,
    0.0,
    3.0
   ],
   [
    10.0,
    10.0,
    0.0
   ],
   [
    0.0,
    10.0,
    3.0
   ]
  ],
  "source": "synthetic_tier0"
 }
}