{
 "scenario": {
  "type": "gust",
  "pattern": "waypoint",
  "duration_s": 40.0,
  "seed": 1490917226,
  "mass": null,
  "gusts": [
   {
    "speed": 12.29244277769481,
    "dir_rad": 4.643173435642874,
    "start_s": 28.290404027373345,
    "duration_s": 0.279910260664023
   },
   {
    "speed": 13.565375306039046,
    "dir_rad": 2.4980574658958647,
    "start_s": 30.08726642503703,
    "duration_s": 0.2524231006229253
   },
   {
    "speed": 11.977185276581494,
    "dir_rad": 6.004358007876623,
    "start_s": 32.48294247832433,
    "duration_s": 0.3203794767123759
   },
   {
    "speed": 8.149156948317538,
    "dir_rad": 3.488412182122775,
    "start_s": 33.89580279796791,
    "duration_s": 0.314578490752822
   }
  ],
  "sustained": null,
  "dropouts": [],
  "heldout": false
 },
 "consts": {
  "mass_nominal": 1.372,
  "g": 9.81,
  "dt": 0.02,
  "Ixx": 0.02663,
  "Iyy": 0.02663,
  "Izz": 0.05049,
  "anchors": [
   [
    0.0,
    0.0,
    0.0
   ],
   [
    10.0,
    0.0,
    3.0
   ],
   [
    10.0,
    10.0,
    0.0
   ],
   [
    0.0,
    10.0,
    3.0
   ]
  ],
  "source": "synthetic_tier0"
 }
}