{
 "scenario": {
  "type": "gust",
  "pattern": "hover",
  "duration_s": 40.0,
  "seed": 621545563,
  "mass": null,
  "gusts": [
   {
    "speed": 9.596185235729992,
    "dir_rad": 1.7224371946168484,
    "start_s": 28.024211567904707,
    "duration_s": 0.5630419565561929
   },
   {
    "speed": 13.662790208622267,
    "dir_rad": 2.5261408181644023,
    "start_s": 30.142375575120756,
    "duration_s": 0.301891340046987
   }
  ],
  "sustained": null,
  "dropouts": [],
  "heldout": false
 },
 "consts": {
  "mass_nominal": 1.372,
  "g": 9.81,
  "dt": 0.02,
  "Ixx": 0.02663,
  "Iyy": 0.02663,
  "Izz": 0.05049,
  "anchors": [
   [
    0.0,
    0.0,
    0.0
   ],
   [
    10.0,
    0.0,
    3.0
   ],
   [
    10.0,
    10.0,
    0.0
   ],
   [
    0.0,
    10.0,
    3.0
   ]
  ],
  "source": "synthetic_tier0"
 }
}