{
 "scenario": {
  "type": "gust",
  "pattern": "waypoint",
  "duration_s": 40.0,
  "seed": 1227069486,
  "mass": null,
  "gusts": [
   {
    "speed": 13.61228821739897,
    "dir_rad": 2.938270389481922,
    "start_s": 22.630854169061944,
    "duration_s": 0.36365599104991886
   },
   {
    "speed": 10.364641895558712,
    "dir_rad": 0.8237802136658633,
    "start_s": 27.66351466175034,
    "duration_s": 0.27869687230025253
   },
   {
    "speed": 10.036866525253416,
    "dir_rad": 5.999803545557826,
    "start_s": 32.22307101756226,
    "duration_s": 0.26514860022182196
   }
  ],
  "sustained": null,
  "dropouts": [],
  "heldout": false
 },
 "consts": {
  "mass_nominal": 1.372,
  "g": 9.81,
  "dt": 0.02,
  "Ixx": 0.02663,
  "Iyy": 0.02663,
  "Izz": 0.05049,
  "anchors": [
   [
    0.0,
    0.0,
    0.0
   ],
   [
    10.0,
    0.0,
    3.0
   ],
   [
    10.0,
    10.0,
    0.0
   ],
   [
    0.0,
    10.0,
    3.0
   ]
  ],
  "source": "synthetic_tier0"
 }
}