{
 "scenario": {
  "type": "mass_step",
  "pattern": "hover",
  "duration_s": 40.0,
  "seed": 2000153859,
  "mass": {
   "delta": 0.5447717525761882,
   "onset_s": 21.22353107351255,
   "impulse_z": 1.1112093101287015,
   "impulse_xy": 0.5019165931613991,
   "impulse_dir": 5.71488529480469
  },
  "gusts": [],
  "sustained": null,
  "dropouts": [],
  "heldout": false
 },
 "consts": {
  "mass_nominal": 1.372,
  "g": 9.81,
  "dt": 0.02,
  "Ixx": 0.02663,
  "Iyy": 0.02663,
  "Izz": 0.05049,
  "anchors": [
   [
    0.0,
    0.0,
    0.0
   ],
   [
    10.0,
    0.0,
    3.0
   ],
   [
    10.0,
    10.0,
    0.0
   ],
   [
    0.0,
    10.0,
    3.0
   ]
  ],
  "source": "synthetic_tier0"
 }
}