{
 "scenario": {
  "type": "mass_step",
  "pattern": "circle",
  "duration_s": 40.0,
  "seed": 1005889176,
  "mass": {
   "delta": 0.5730582875492778,
   "onset_s": 21.6742915853367,
   "impulse_z": 0.7022047161951113,
   "impulse_xy": 0.6914536575601755,
   "impulse_dir": 3.1330446745119502
  },
  "gusts": [],
  "sustained": null,
  "dropouts": [],
  "heldout": false
 },
 "consts": {
  "mass_nominal": 1.372,
  "g": 9.81,
  "dt": 0.02,
  "Ixx": 0.02663,
  "Iyy": 0.02663,
  "Izz": 0.05049,
  "anchors": [
   [
    0.0,
    0.0,
    0.0
   ],
   [
    10.0,
    0.0,
    3.0
   ],
   [
    10.0,
    10.0,
    0.0
   ],
   [
    0.0,
    10.0,
    3.0
   ]
  ],
  "source": "synthetic_tier0"
 }
}