{
 "scenario": {
  "type": "mixed",
  "pattern": "figure8",
  "duration_s": 40.0,
  "seed": 1834360416,
  "mass": {
   "delta": 0.49850836150140665,
   "onset_s": 18.42521747796004,
   "impulse_z": 1.1091362932641746,
   "impulse_xy": 0.5610349362240408,
   "impulse_dir": 5.054142914572407
  },
  "gusts": [
   {
    "speed": 9.72893368509477,
    "dir_rad": 4.617469919774762,
    "start_s": 23.460242365629625,
    "duration_s": 0.41308891042629603
   },
   {
    "speed": 13.164314409955365,
    "dir_rad": 0.8300266063697962,
    "start_s": 31.01931186900767,
    "duration_s": 0.28096183725028734
   },
   {
    "speed": 12.354293769628562,
    "dir_rad": 0.530886551068252,
    "start_s": 32.419521339851805,
    "duration_s": 0.4457518962167679
   }
  ],
  "sustained": null,
  "dropouts": [],
  "heldout": false
 },
 "consts": {
  "mass_nominal": 1.372,
  "g": 9.81,
  "dt": 0.02,
  "Ixx": 0.02663,
  "Iyy": 0.02663,
  "Izz": 0.05049,
  "anchors": [
   [
    0.0,
    0.0,
    0.0
   ],
   [
    10.0,
    0.0,
    3.0
   ],
   [
    10.0,
    10.0,
    0.0
   ],
   [
    0.0,
    10.0,
    3.0
   ]
  ],
  "source": "synthetic_tier0"
 }
}