{
 "scenario": {
  "type": "gust",
  "pattern": "hover",
  "duration_s": 40.0,
  "seed": 1842810058,
  "mass": null,
  "gusts": [
   {
    "speed": 8.17764373477168,
    "dir_rad": 2.5217913421743177,
    "start_s": 24.6891689148268,
    "duration_s": 0.4058517368465399
   },
   {
    "speed": 9.425950180163584,
    "dir_rad": 5.358181863943243,
    "start_s": 31.029175530621238,
    "duration_s": 0.5582539525534786
   },
   {
    "speed": 9.793661906713433,
    "dir_rad": 3.709091526879569,
    "start_s": 33.50337376787109,
    "duration_s": 0.3392125693638057
   }
  ],
  "sustained": null,
  "dropouts": [],
  "heldout": false
 },
 "consts": {
  "mass_nominal": 1.372,
  "g": 9.81,
  "dt": 0.02,
  "Ixx": 0.02663,
  "Iyy": 0.02663,
  "Izz": 0.05049,
  "anchors": [
   [
    0.0,
    0.0,
    0.0
   ],
   [
    10.0,
    0.0,
    3.0
   ],
   [
    10.0,
    10.0,
    0.0
   ],
   [
    0.0,
    10.0,
    3.0
   ]
  ],
  "source": "synthetic_tier0"
 }
}