{
 "scenario": {
  "type": "gust",
  "pattern": "circle",
  "duration_s": 40.0,
  "seed": 921326579,
  "mass": null,
  "gusts": [
   {
    "speed": 13.961257980721085,
    "dir_rad": 6.023737041069348,
    "start_s": 20.85422425726986,
    "duration_s": 0.21435955440294358
   },
   {
    "speed": 9.810589200181585,
    "dir_rad": 5.673648181223972,
    "start_s": 30.337176743858315,
    "duration_s": 0.2161596915368653
   }
  ],
  "sustained": null,
  "dropouts": [],
  "heldout": false
 },
 "consts": {
  "mass_nominal": 1.372,
  "g": 9.81,
  "dt": 0.02,
  "Ixx": 0.02663,
  "Iyy": 0.02663,
  "Izz": 0.05049,
  "anchors": [
   [
    0.0,
    0.0,
    0.0
   ],
   [
    10.0,
    0.0,
    3.0
   ],
   [
    10.0,
    10.0,
    0.0
   ],
   [
    0.0,
    10.0,
    3.0
   ]
  ],
  "source": "synthetic_tier0"
 }
}