{
 "scenario": {
  "type": "mass_step",
  "pattern": "hover",
  "duration_s": 40.0,
  "seed": 1982872513,
  "mass": {
   "delta": 0.47376267610151757,
   "onset_s": 20.7577829556344,
   "impulse_z": 1.0527438829308808,
   "impulse_xy": 0.3391151989781772,
   "impulse_dir": 2.9419846886139713
  },
  "gusts": [],
  "sustained": null,
  "dropouts": [],
  "heldout": false
 },
 "consts": {
  "mass_nominal": 1.372,
  "g": 9.81,
  "dt": 0.02,
  "Ixx": 0.02663,
  "Iyy": 0.02663,
  "Izz": 0.05049,
  "anchors": [
   [
    0.0,
    0.0,
    0.0
   ],
   [
    10.0,
    0.0,
    3.0
   ],
   [
    10.0,
    10.0,
    0.0
   ],
   [
    0.0,
    10.0,
    3.0
   ]
  ],
  "source": "synthetic_tier0"
 }
}