{
 "scenario": {
  "type": "gust",
  "pattern": "hover",
  "duration_s": 40.0,
  "seed": 148660673,
  "mass": null,
  "gusts": [
   {
    "speed": 10.670096329123954,
    "dir_rad": 0.3965768795973082,
    "start_s": 16.952922065920617,
    "duration_s": 0.4269792454197293
   },
   {
    "speed": 9.136180950037122,
    "dir_rad": 1.7972882040819358,
    "start_s": 23.04984071816059,
    "duration_s": 0.5875009285446395
   },
   {
    "speed": 13.203818243007088,
    "dir_rad": 4.447514357079956,
    "start_s": 25.464881765241937,
    "duration_s": 0.5857492779565916
   },
   {
    "speed": 13.05292793310123,
    "dir_rad": 5.927446128601536,
    "start_s": 33.31331813701672,
    "duration_s": 0.5320076716636113
   }
  ],
  "sustained": null,
  "dropouts": [],
  "heldout": false
 },
 "consts": {
  "mass_nominal": 1.372,
  "g": 9.81,
  "dt": 0.02,
  "Ixx": 0.02663,
  "Iyy": 0.02663,
  "Izz": 0.05049,
  "anchors": [
   [
    0.0,
    0.0,
    0.0
   ],
   [
    10.0,
    0.0,
    3.0
   ],
   [
    10.0,
    10.0,
    0.0
   ],
   [
    0.0,
    10.0,
    3.0
   ]
  ],
  "source": "synthetic_tier0"
 }
}