{
 "scenario": {
  "type": "gust",
  "pattern": "hover",
  "duration_s": 40.0,
  "seed": 1627981024,
  "mass": null,
  "gusts": [
   {
    "speed": 12.670300982442571,
    "dir_rad": 1.2229510693839025,
    "start_s": 30.481986809551966,
    "duration_s": 0.5882792097579612
   },
   {
    "speed": 8.925736952405288,
    "dir_rad": 4.291723147097387,
    "start_s": 32.13785722646019,
    "duration_s": 0.3866884014908136
   },
   {
    "speed": 9.954952148828912,
    "dir_rad": 2.327666981860357,
    "start_s": 33.62129660119443,
    "duration_s": 0.49790486236312687
   },
   {
    "speed": 8.77952903201283,
    "dir_rad": 2.988942203015736,
    "start_s": 35.138148599465985,
    "duration_s": 0.38782232451032317
   }
  ],
  "sustained": null,
  "dropouts": [],
  "heldout": false
 },
 "consts": {
  "mass_nominal": 1.372,
  "g": 9.81,
  "dt": 0.02,
  "Ixx": 0.02663,
  "Iyy": 0.02663,
  "Izz": 0.05049,
  "anchors": [
   [
    0.0,
    0.0,
    0.0
   ],
   [
    10.0,
    0.0,
    3.0
   ],
   [
    10.0,
    10.0,
    0.0
   ],
   [
    0.0,
    10.0,
    3.0
   ]
  ],
  "source": "synthetic_tier0"
 }
}