{
 "scenario": {
  "type": "gust",
  "pattern": "figure8",
  "duration_s": 40.0,
  "seed": 850761080,
  "mass": null,
  "gusts": [
   {
    "speed": 12.550533423108526,
    "dir_rad": 6.178991722708336,
    "start_s": 21.596284215232824,
    "duration_s": 0.49030785388617354
   },
   {
    "speed": 8.07481926764728,
    "dir_rad": 5.001594929104748,
    "start_s": 28.513230032311462,
    "duration_s": 0.36770895516032204
   },
   {
    "speed": 8.564431778536374,
    "dir_rad": 5.589876157108822,
    "start_s": 31.39487120290566,
    "duration_s": 0.4080920268183975
   },
   {
    "speed": 8.896244938208905,
    "dir_rad": 6.04159450445619,
    "start_s": 33.37567231256793,
    "duration_s": 0.3580028960162226
   }
  ],
  "sustained": null,
  "dropouts": [],
  "heldout": false
 },
 "consts": {
  "mass_nominal": 1.372,
  "g": 9.81,
  "dt": 0.02,
  "Ixx": 0.02663,
  "Iyy": 0.02663,
  "Izz": 0.05049,
  "anchors": [
   [
    0.0,
    0.0,
    0.0
   ],
   [
    10.0,
    0.0,
    3.0
   ],
   [
    10.0,
    10.0,
    0.0
   ],
   [
    0.0,
    10.0,
    3.0
   ]
  ],
  "source": "synthetic_tier0"
 }
}