{
 "scenario": {
  "type": "mass_step",
  "pattern": "circle",
  "duration_s": 40.0,
  "seed": 934100774,
  "mass": {
   "delta": 0.6015562565842202,
   "onset_s": 23.527043550079497,
   "impulse_z": 0.8225473929250015,
   "impulse_xy": 0.4700327070056525,
   "impulse_dir": 5.102719057353708
  },
  "gusts": [],
  "sustained": null,
  "dropouts": [],
  "heldout": false
 },
 "consts": {
  "mass_nominal": 1.372,
  "g": 9.81,
  "dt": 0.02,
  "Ixx": 0.02663,
  "Iyy": 0.02663,
  "Izz": 0.05049,
  "anchors": [
   [
    0.0,
    0.0,
    0.0
   ],
   [
    10.0,
    0.0,
    3.0
   ],
   [
    10.0,
    10.0,
    0.0
   ],
   [
    0.0,
    10.0,
    3.0
   ]
  ],
  "source": "synthetic_tier0"
 }
}