{
 "scenario": {
  "type": "gust",
  "pattern": "hover",
  "duration_s": 40.0,
  "seed": 2038104009,
  "mass": null,
  "gusts": [
   {
    "speed": 10.258156840884958,
    "dir_rad": 6.199188826668396,
    "start_s": 19.17685276785379,
    "duration_s": 0.5121205975637568
   },
   {
    "speed": 8.710871463302247,
    "dir_rad": 5.344060716352921,
    "start_s": 32.8870200059406,
    "duration_s": 0.48710409440145735
   },
   {
    "speed": 11.529547999815325,
    "dir_rad": 4.310870600539877,
    "start_s": 34.38631626817557,
    "duration_s": 0.454829553596483
   },
   {
    "speed": 12.952397067177927,
    "dir_rad": 1.8557954883848684,
    "start_s": 35.88657761795623,
    "duration_s": 0.20492107435544116
   }
  ],
  "sustained": null,
  "dropouts": [],
  "heldout": false
 },
 "consts": {
  "mass_nominal": 1.372,
  "g": 9.81,
  "dt": 0.02,
  "Ixx": 0.02663,
  "Iyy": 0.02663,
  "Izz": 0.05049,
  "anchors": [
   [
    0.0,
    0.0,
    0.0
   ],
   [
    10.0,
    0.0,
    3.0
   ],
   [
    10.0,
    10.0,
    0.0
   ],
   [
    0.0,
    10.0,
    3.0
   ]
  ],
  "source": "synthetic_tier0"
 }
}