{
 "scenario": {
  "type": "mixed",
  "pattern": "hover",
  "duration_s": 40.0,
  "seed": 192888677,
  "mass": {
   "delta": 0.45649659244340557,
   "onset_s": 12.375402154819735,
   "impulse_z": 0.6663776805373219,
   "impulse_xy": 0.5480597146513184,
   "impulse_dir": 1.5182620410323326
  },
  "gusts": [
   {
    "speed": 13.096611998538673,
    "dir_rad": 0.029791050279451652,
    "start_s": 22.273053111306695,
    "duration_s": 0.4276848201722707
   },
   {
    "speed": 8.976460916629746,
    "dir_rad": 4.856508840501381,
    "start_s": 29.742048908907208,
    "duration_s": 0.5413477837369467
   }
  ],
  "sustained": null,
  "dropouts": [],
  "heldout": false
 },
 "consts": {
  "mass_nominal": 1.372,
  "g": 9.81,
  "dt": 0.02,
  "Ixx": 0.02663,
  "Iyy": 0.02663,
  "Izz": 0.05049,
  "anchors": [
   [
    0.0,
    0.0,
    0.0
   ],
   [
    10.0,
    0.0,
    3.0
   ],
   [
    10.0,
    10.0,
    0.0
   ],
   [
    0.0,
    10.0,
    3.0
   ]
  ],
  "source": "synthetic_tier0"
 }
}