{
 "scenario": {
  "type": "anchor_dropout",
  "pattern": "waypoint",
  "duration_s": 40.0,
  "seed": 1387898844,
  "mass": null,
  "gusts": [],
  "sustained": null,
  "dropouts": [
   {
    "anchors": [
     0
    ],
    "start_s": 16.912128832617995,
    "duration_s": 4.780527923647238
   },
   {
    "anchors": [
     1
    ],
    "start_s": 29.573717187695767,
    "duration_s": 3.9521835133573213
   }
  ],
  "heldout": false
 },
 "consts": {
  "mass_nominal": 1.372,
  "g": 9.81,
  "dt": 0.02,
  "Ixx": 0.02663,
  "Iyy": 0.02663,
  "Izz": 0.05049,
  "anchors": [
   [
    0.0,
    0.0,
    0.0
   ],
   [
    10.0,
    0.0,
    3.0
   ],
   [
    10.0,
    10.0,
    0.0
   ],
   [
    0.0,
    10.0,
    3.0
   ]
  ],
  "source": "synthetic_tier0"
 }
}