{
 "scenario": {
  "type": "mixed",
  "pattern": "waypoint",
  "duration_s": 40.0,
  "seed": 2035237818,
  "mass": {
   "delta": 0.4368273797234458,
   "onset_s": 21.973352065498872,
   "impulse_z": 0.6919705899746964,
   "impulse_xy": 0.37170732326309563,
   "impulse_dir": 3.766033149060049
  },
  "gusts": [
   {
    "speed": 9.861942037400569,
    "dir_rad": 4.88457865736729,
    "start_s": 11.392165986009712,
    "duration_s": 0.5498248163349857
   },
   {
    "speed": 8.863385015307504,
    "dir_rad": 0.08756427816479942,
    "start_s": 23.19180166285056,
    "duration_s": 0.5887305704243869
   }
  ],
  "sustained": null,
  "dropouts": [
   {
    "anchors": [
     0
    ],
    "start_s": 8.880690908734273,
    "duration_s": 4.355317347225715
   }
  ],
  "heldout": false
 },
 "consts": {
  "mass_nominal": 1.372,
  "g": 9.81,
  "dt": 0.02,
  "Ixx": 0.02663,
  "Iyy": 0.02663,
  "Izz": 0.05049,
  "anchors": [
   [
    0.0,
    0.0,
    0.0
   ],
   [
    10.0,
    0.0,
    3.0
   ],
   [
    10.0,
    10.0,
    0.0
   ],
   [
    0.0,
    10.0,
    3.0
   ]
  ],
  "source": "synthetic_tier0"
 }
}