{
 "scenario": {
  "type": "gust",
  "pattern": "waypoint",
  "duration_s": 40.0,
  "seed": 1213835294,
  "mass": null,
  "gusts": [
   {
    "speed": 11.355242964472481,
    "dir_rad": 1.9097747902627993,
    "start_s": 21.24896054342325,
    "duration_s": 0.4538873280002363
   },
   {
    "speed": 9.287508036917176,
    "dir_rad": 2.5668611718126377,
    "start_s": 27.54378370322805,
    "duration_s": 0.21232713382717577
   }
  ],
  "sustained": null,
  "dropouts": [],
  "heldout": false
 },
 "consts": {
  "mass_nominal": 1.372,
  "g": 9.81,
  "dt": 0.02,
  "Ixx": 0.02663,
  "Iyy": 0.02663,
  "Izz": 0.05049,
  "anchors": [
   [
    0.0,
    0.0,
    0.0
   ],
   [
    10.0,
    0.0,
    3.0
   ],
   [
    10.0,
    10.0,
    0.0
   ],
   [
    0.0,
    10.0,
    3.0
   ]
  ],
  "source": "synthetic_tier0"
 }
}