{
 "scenario": {
  "type": "sustained_wind",
  "pattern": "hover",
  "duration_s": 40.0,
  "seed": 1424421635,
  "mass": null,
  "gusts": [],
  "sustained": {
   "speed": 5.322889783160994,
   "dir_rad": 3.6699957762259388
  },
  "dropouts": [],
  "heldout": false
 },
 "consts": {
  "mass_nominal": 1.372,
  "g": 9.81,
  "dt": 0.02,
  "Ixx": 0.02663,
  "Iyy": 0.02663,
  "Izz": 0.05049,
  "anchors": [
   [
    0.0,
    0.0,
    0.0
   ],
   [
    10.0,
    0.0,
    3.0
   ],
   [
    10.0,
    10.0,
    0.0
   ],
   [
    0.0,
    10.0,
    3.0
   ]
  ],
  "source": "synthetic_tier0"
 }
}