{
 "scenario": {
  "type": "gust",
  "pattern": "circle",
  "duration_s": 40.0,
  "seed": 178806171,
  "mass": null,
  "gusts": [
   {
    "speed": 10.97850489463585,
    "dir_rad": 2.9264403059622768,
    "start_s": 29.436225994821935,
    "duration_s": 0.4973839844889541
   },
   {
    "speed": 9.984296400476632,
    "dir_rad": 5.5214346643016015,
    "start_s": 33.18673269718402,
    "duration_s": 0.202189243533851
   }
  ],
  "sustained": null,
  "dropouts": [],
  "heldout": false
 },
 "consts": {
  "mass_nominal": 1.372,
  "g": 9.81,
  "dt": 0.02,
  "Ixx": 0.02663,
  "Iyy": 0.02663,
  "Izz": 0.05049,
  "anchors": [
   [
    0.0,
    0.0,
    0.0
   ],
   [
    10.0,
    0.0,
    3.0
   ],
   [
    10.0,
    10.0,
    0.0
   ],
   [
    0.0,
    10.0,
    3.0
   ]
  ],
  "source": "synthetic_tier0"
 }
}