{
 "scenario": {
  "type": "mixed",
  "pattern": "hover",
  "duration_s": 40.0,
  "seed": 2103612017,
  "mass": {
   "delta": 0.640607764082078,
   "onset_s": 21.353730489255945,
   "impulse_z": 0.9854899655973286,
   "impulse_xy": 0.6115985418312515,
   "impulse_dir": 0.8454164589500512
  },
  "gusts": [
   {
    "speed": 10.776796193561095,
    "dir_rad": 2.4195886638469317,
    "start_s": 29.664112322868682,
    "duration_s": 0.40568914807616574
   },
   {
    "speed": 8.838610465723741,
    "dir_rad": 3.0025914667810327,
    "start_s": 31.7291311680306,
    "duration_s": 0.45582530849484404
   },
   {
    "speed": 10.205070860690768,
    "dir_rad": 2.3021116574098115,
    "start_s": 33.289214737938096,
    "duration_s": 0.366755747437954
   },
   {
    "speed": 12.114460072735673,
    "dir_rad": 1.865329903073574,
    "start_s": 34.69391689334874,
    "duration_s": 0.3309982257650182
   }
  ],
  "sustained": null,
  "dropouts": [],
  "heldout": false
 },
 "consts": {
  "mass_nominal": 1.372,
  "g": 9.81,
  "dt": 0.02,
  "Ixx": 0.02663,
  "Iyy": 0.02663,
  "Izz": 0.05049,
  "anchors": [
   [
    0.0,
    0.0,
    0.0
   ],
   [
    10.0,
    0.0,
    3.0
   ],
   [
    10.0,
    10.0,
    0.0
   ],
   [
    0.0,
    10.0,
    3.0
   ]
  ],
  "source": "synthetic_tier0"
 }
}