{
 "scenario": {
  "type": "mass_step",
  "pattern": "waypoint",
  "duration_s": 40.0,
  "seed": 672199046,
  "mass": {
   "delta": 0.4443350117626575,
   "onset_s": 23.233529560508927,
   "impulse_z": 0.8627424223192519,
   "impulse_xy": 0.4533279291109639,
   "impulse_dir": 4.584750523620625
  },
  "gusts": [],
  "sustained": null,
  "dropouts": [],
  "heldout": false
 },
 "consts": {
  "mass_nominal": 1.372,
  "g": 9.81,
  "dt": 0.02,
  "Ixx": 0.02663,
  "Iyy": 0.02663,
  "Izz": 0.05049,
  "anchors": [
   [
    0.0,
    0.0,
    0.0
   ],
   [
    10.0,
    0.0,
    3.0
   ],
   [
    10.0,
    10.0,
    0.0
   ],
   [
    0.0,
    10.0,
    3.0
   ]
  ],
  "source": "synthetic_tier0"
 }
}