{
 "scenario": {
  "type": "gust",
  "pattern": "hover",
  "duration_s": 40.0,
  "seed": 1159294773,
  "mass": null,
  "gusts": [
   {
    "speed": 8.931277954646545,
    "dir_rad": 4.615760451191231,
    "start_s": 29.446955503726855,
    "duration_s": 0.45200473783055944
   },
   {
    "speed": 12.259428183687824,
    "dir_rad": 6.158808302502524,
    "start_s": 31.663535074868545,
    "duration_s": 0.27721659634756163
   },
   {
    "speed": 11.697853819565196,
    "dir_rad": 0.2660963634394571,
    "start_s": 32.974249248127904,
    "duration_s": 0.4446174423908278
   },
   {
    "speed": 9.03876707853502,
    "dir_rad": 0.5763000761543345,
    "start_s": 34.489824519028794,
    "duration_s": 0.5536582845467268
   }
  ],
  "sustained": null,
  "dropouts": [],
  "heldout": false
 },
 "consts": {
  "mass_nominal": 1.372,
  "g": 9.81,
  "dt": 0.02,
  "Ixx": 0.02663,
  "Iyy": 0.02663,
  "Izz": 0.05049,
  "anchors": [
   [
    0.0,
    0.0,
    0.0
   ],
   [
    10.0,
    0.0,
    3.0
   ],
   [
    10.0,
    10.0,
    0.0
   ],
   [
    0.0,
    10.0,
    3.0
   ]
  ],
  "source": "synthetic_tier0"
 }
}