{
 "scenario": {
  "type": "mixed",
  "pattern": "figure8",
  "duration_s": 40.0,
  "seed": 972525735,
  "mass": {
   "delta": 0.5979987156403453,
   "onset_s": 15.629763373655138,
   "impulse_z": 1.1685213597995954,
   "impulse_xy": 0.4465341954226145,
   "impulse_dir": 4.64019965914735
  },
  "gusts": [
   {
    "speed": 12.318695210129277,
    "dir_rad": 3.197727584606015,
    "start_s": 21.527969536493956,
    "duration_s": 0.3612560816476328
   },
   {
    "speed": 11.882430788859951,
    "dir_rad": 2.151126610641151,
    "start_s": 27.311987218308676,
    "duration_s": 0.5628345307638034
   },
   {
    "speed": 8.754842109873712,
    "dir_rad": 0.5763168725840068,
    "start_s": 30.970303217050155,
    "duration_s": 0.3632626672924052
   }
  ],
  "sustained": null,
  "dropouts": [],
  "heldout": false
 },
 "consts": {
  "mass_nominal": 1.372,
  "g": 9.81,
  "dt": 0.02,
  "Ixx": 0.02663,
  "Iyy": 0.02663,
  "Izz": 0.05049,
  "anchors": [
   [
    0.0,
    0.0,
    0.0
   ],
   [
    10.0,
    0.0,
    3.0
   ],
   [
    10.0,
    10.0,
    0.0
   ],
   [
    0.0,
    10.0,
    3.0
   ]
  ],
  "source": "synthetic_tier0"
 }
}