{
 "scenario": {
  "type": "gust",
  "pattern": "figure8",
  "duration_s": 40.0,
  "seed": 1772658307,
  "mass": null,
  "gusts": [
   {
    "speed": 13.7134982950741,
    "dir_rad": 3.0286885862415733,
    "start_s": 9.486832381771194,
    "duration_s": 0.252701933156827
   },
   {
    "speed": 11.326499312239601,
    "dir_rad": 1.3051259943060909,
    "start_s": 14.44932433680122,
    "duration_s": 0.5812822099620756
   },
   {
    "speed": 8.713719864441268,
    "dir_rad": 5.760728443726762,
    "start_s": 16.56161443916759,
    "duration_s": 0.3012738424506406
   }
  ],
  "sustained": null,
  "dropouts": [],
  "heldout": false
 },
 "consts": {
  "mass_nominal": 1.372,
  "g": 9.81,
  "dt": 0.02,
  "Ixx": 0.02663,
  "Iyy": 0.02663,
  "Izz": 0.05049,
  "anchors": [
   [
    0.0,
    0.0,
    0.0
   ],
   [
    10.0,
    0.0,
    3.0
   ],
   [
    10.0,
    10.0,
    0.0
   ],
   [
    0.0,
    10.0,
    3.0
   ]
  ],
  "source": "synthetic_tier0"
 }
}