{
 "scenario": {
  "type": "mass_step",
  "pattern": "figure8",
  "duration_s": 40.0,
  "seed": 1716297969,
  "mass": {
   "delta": 0.5802201756587927,
   "onset_s": 14.596268342704818,
   "impulse_z": 0.8484156562735418,
   "impulse_xy": 0.42705425374542466,
   "impulse_dir": 0.49076950776995
  },
  "gusts": [],
  "sustained": null,
  "dropouts": [],
  "heldout": false
 },
 "consts": {
  "mass_nominal": 1.372,
  "g": 9.81,
  "dt": 0.02,
  "Ixx": 0.02663,
  "Iyy": 0.02663,
  "Izz": 0.05049,
  "anchors": [
   [
    0.0,
    0.0,
    0.0
   ],
   [
    10.0,
    0.0,
    3.0
   ],
   [
    10.0,
    10.0,
    0.0
   ],
   [
    0.0,
    10.0,
    3.0
   ]
  ],
  "source": "synthetic_tier0"
 }
}