{
 "scenario": {
  "type": "gust",
  "pattern": "hover",
  "duration_s": 40.0,
  "seed": 204438482,
  "mass": null,
  "gusts": [
   {
    "speed": 10.767253315025442,
    "dir_rad": 2.6689521328294004,
    "start_s": 14.72511439690848,
    "duration_s": 0.5906656312866356
   },
   {
    "speed": 10.120026170410807,
    "dir_rad": 4.947781447019363,
    "start_s": 28.05597231544924,
    "duration_s": 0.22056766182277177
   },
   {
    "speed": 10.49999598823928,
    "dir_rad": 2.020331106243056,
    "start_s": 32.71799956029375,
    "duration_s": 0.5328480301127945
   },
   {
    "speed": 10.947544678348198,
    "dir_rad": 5.611079380806105,
    "start_s": 34.330986533790814,
    "duration_s": 0.49952831186682195
   }
  ],
  "sustained": null,
  "dropouts": [],
  "heldout": false
 },
 "consts": {
  "mass_nominal": 1.372,
  "g": 9.81,
  "dt": 0.02,
  "Ixx": 0.02663,
  "Iyy": 0.02663,
  "Izz": 0.05049,
  "anchors": [
   [
    0.0,
    0.0,
    0.0
   ],
   [
    10.0,
    0.0,
    3.0
   ],
   [
    10.0,
    10.0,
    0.0
   ],
   [
    0.0,
    10.0,
    3.0
   ]
  ],
  "source": "synthetic_tier0"
 }
}