{
 "scenario": {
  "type": "gust",
  "pattern": "hover",
  "duration_s": 40.0,
  "seed": 2100337245,
  "mass": null,
  "gusts": [
   {
    "speed": 17.781666289759794,
    "dir_rad": 1.6701297999999192,
    "start_s": 7.4351488901036165,
    "duration_s": 0.2523685248585996
   },
   {
    "speed": 15.69462048220242,
    "dir_rad": 5.84402533267902,
    "start_s": 10.946976141709678,
    "duration_s": 0.4016255626258204
   }
  ],
  "sustained": null,
  "dropouts": [],
  "heldout": true
 },
 "consts": {
  "mass_nominal": 1.372,
  "g": 9.81,
  "dt": 0.02,
  "Ixx": 0.02663,
  "Iyy": 0.02663,
  "Izz": 0.05049,
  "anchors": [
   [
    0.0,
    0.0,
    0.0
   ],
   [
    10.0,
    0.0,
    3.0
   ],
   [
    10.0,
    10.0,
    0.0
   ],
   [
    0.0,
    10.0,
    3.0
   ]
  ],
  "source": "synthetic_tier0"
 }
}