{
 "scenario": {
  "type": "gust",
  "pattern": "hover",
  "duration_s": 40.0,
  "seed": 681804468,
  "mass": null,
  "gusts": [
   {
    "speed": 16.60317835887095,
    "dir_rad": 0.7282140476926937,
    "start_s": 32.32255025201312,
    "duration_s": 0.37855579685748375
   },
   {
    "speed": 14.56655587189162,
    "dir_rad": 0.9593804055036992,
    "start_s": 33.75003256795369,
    "duration_s": 0.5540371952907203
   },
   {
    "speed": 15.146375059655252,
    "dir_rad": 0.8783113345663124,
    "start_s": 35.30880701391735,
    "duration_s": 0.4750135740439487
   },
   {
    "speed": 16.087505738755425,
    "dir_rad": 1.7570068743706533,
    "start_s": 36.825255965160736,
    "duration_s": 0.37643097184691365
   }
  ],
  "sustained": null,
  "dropouts": [],
  "heldout": true
 },
 "consts": {
  "mass_nominal": 1.372,
  "g": 9.81,
  "dt": 0.02,
  "Ixx": 0.02663,
  "Iyy": 0.02663,
  "Izz": 0.05049,
  "anchors": [
   [
    0.0,
    0.0,
    0.0
   ],
   [
    10.0,
    0.0,
    3.0
   ],
   [
    10.0,
    10.0,
    0.0
   ],
   [
    0.0,
    10.0,
    3.0
   ]
  ],
  "source": "synthetic_tier0"
 }
}