{
 "scenario": {
  "type": "gust",
  "pattern": "waypoint",
  "duration_s": 40.0,
  "seed": 374518110,
  "mass": null,
  "gusts": [
   {
    "speed": 16.996696629262132,
    "dir_rad": 2.0957559972596336,
    "start_s": 17.247393175950684,
    "duration_s": 0.4546681119665224
   },
   {
    "speed": 14.754848840115677,
    "dir_rad": 5.343980289888142,
    "start_s": 20.60608278354101,
    "duration_s": 0.33227079877854104
   },
   {
    "speed": 17.03736440008955,
    "dir_rad": 3.480766070187297,
    "start_s": 24.600563348920765,
    "duration_s": 0.37851293543217657
   }
  ],
  "sustained": null,
  "dropouts": [],
  "heldout": true
 },
 "consts": {
  "mass_nominal": 1.372,
  "g": 9.81,
  "dt": 0.02,
  "Ixx": 0.02663,
  "Iyy": 0.02663,
  "Izz": 0.05049,
  "anchors": [
   [
    0.0,
    0.0,
    0.0
   ],
   [
    10.0,
    0.0,
    3.0
   ],
   [
    10.0,
    10.0,
    0.0
   ],
   [
    0.0,
    10.0,
    3.0
   ]
  ],
  "source": "synthetic_tier0"
 }
}