{
 "scenario": {
  "type": "gust",
  "pattern": "hover",
  "duration_s": 40.0,
  "seed": 531852455,
  "mass": null,
  "gusts": [
   {
    "speed": 16.84682328367755,
    "dir_rad": 0.6458969740286012,
    "start_s": 28.280652547572714,
    "duration_s": 0.5106593743554864
   },
   {
    "speed": 14.982264155237807,
    "dir_rad": 0.2673609554320112,
    "start_s": 32.095525640885256,
    "duration_s": 0.39000897760174424
   },
   {
    "speed": 15.655721276218404,
    "dir_rad": 1.1100313813385922,
    "start_s": 33.58789916597674,
    "duration_s": 0.28943612835041876
   }
  ],
  "sustained": null,
  "dropouts": [],
  "heldout": true
 },
 "consts": {
  "mass_nominal": 1.372,
  "g": 9.81,
  "dt": 0.02,
  "Ixx": 0.02663,
  "Iyy": 0.02663,
  "Izz": 0.05049,
  "anchors": [
   [
    0.0,
    0.0,
    0.0
   ],
   [
    10.0,
    0.0,
    3.0
   ],
   [
    10.0,
    10.0,
    0.0
   ],
   [
    0.0,
    10.0,
    3.0
   ]
  ],
  "source": "synthetic_tier0"
 }
}