{
 "scenario": {
  "type": "mixed",
  "pattern": "figure8",
  "duration_s": 40.0,
  "seed": 2044251509,
  "mass": {
   "delta": 0.702410372603185,
   "onset_s": 21.15623156132098,
   "impulse_z": 1.182120943541906,
   "impulse_xy": 0.6623608875271113,
   "impulse_dir": 6.099151822357974
  },
  "gusts": [
   {
    "speed": 16.455313023236045,
    "dir_rad": 3.8625048788672736,
    "start_s": 29.59757320161331,
    "duration_s": 0.23126245595415532
   },
   {
    "speed": 14.614319116344458,
    "dir_rad": 4.648112161612288,
    "start_s": 32.432430896124266,
    "duration_s": 0.36690144394347446
   }
  ],
  "sustained": null,
  "dropouts": [
   {
    "anchors": [
     2
    ],
    "start_s": 25.985324316687763,
    "duration_s": 4.459561534087584
   },
   {
    "anchors": [
     1
    ],
    "start_s": 31.476107278067555,
    "duration_s": 4.019660732114099
   }
  ],
  "heldout": true
 },
 "consts": {
  "mass_nominal": 1.372,
  "g": 9.81,
  "dt": 0.02,
  "Ixx": 0.02663,
  "Iyy": 0.02663,
  "Izz": 0.05049,
  "anchors": [
   [
    0.0,
    0.0,
    0.0
   ],
   [
    10.0,
    0.0,
    3.0
   ],
   [
    10.0,
    10.0,
    0.0
   ],
   [
    0.0,
    10.0,
    3.0
   ]
  ],
  "source": "synthetic_tier0"
 }
}