{
 "scenario": {
  "type": "gust",
  "pattern": "circle",
  "duration_s": 40.0,
  "seed": 1121255098,
  "mass": null,
  "gusts": [
   {
    "speed": 15.87060980980085,
    "dir_rad": 1.0663451715764085,
    "start_s": 15.558643698341605,
    "duration_s": 0.37895710071684374
   },
   {
    "speed": 14.61412618534819,
    "dir_rad": 1.5478767859631235,
    "start_s": 21.250624328314174,
    "duration_s": 0.5186286919210765
   },
   {
    "speed": 16.7441994780236,
    "dir_rad": 5.3809804082632375,
    "start_s": 26.300398902324584,
    "duration_s": 0.5368280607088959
   },
   {
    "speed": 15.23066186551612,
    "dir_rad": 1.3610784558476825,
    "start_s": 32.37510323182243,
    "duration_s": 0.23109786677001687
   }
  ],
  "sustained": null,
  "dropouts": [],
  "heldout": true
 },
 "consts": {
  "mass_nominal": 1.372,
  "g": 9.81,
  "dt": 0.02,
  "Ixx": 0.02663,
  "Iyy": 0.02663,
  "Izz": 0.05049,
  "anchors": [
   [
    0.0,
    0.0,
    0.0
   ],
   [
    10.0,
    0.0,
    3.0
   ],
   [
    10.0,
    10.0,
    0.0
   ],
   [
    0.0,
    10.0,
    3.0
   ]
  ],
  "source": "synthetic_tier0"
 }
}