{
 "scenario": {
  "type": "sustained_wind",
  "pattern": "figure8",
  "duration_s": 40.0,
  "seed": 1396915688,
  "mass": null,
  "gusts": [],
  "sustained": {
   "speed": 3.8275864392057795,
   "dir_rad": 3.574088208217806
  },
  "dropouts": [],
  "heldout": true
 },
 "consts": {
  "mass_nominal": 1.372,
  "g": 9.81,
  "dt": 0.02,
  "Ixx": 0.02663,
  "Iyy": 0.02663,
  "Izz": 0.05049,
  "anchors": [
   [
    0.0,
    0.0,
    0.0
   ],
   [
    10.0,
    0.0,
    3.0
   ],
   [
    10.0,
    10.0,
    0.0
   ],
   [
    0.0,
    10.0,
    3.0
   ]
  ],
  "source": "synthetic_tier0"
 }
}