{
 "scenario": {
  "type": "mass_step",
  "pattern": "figure8",
  "duration_s": 40.0,
  "seed": 665980863,
  "mass": {
   "delta": 0.7950611235767209,
   "onset_s": 21.045248155727467,
   "impulse_z": 0.7710734402491133,
   "impulse_xy": 0.4340187510020539,
   "impulse_dir": 5.313686048435637
  },
  "gusts": [],
  "sustained": null,
  "dropouts": [],
  "heldout": true
 },
 "consts": {
  "mass_nominal": 1.372,
  "g": 9.81,
  "dt": 0.02,
  "Ixx": 0.02663,
  "Iyy": 0.02663,
  "Izz": 0.05049,
  "anchors": [
   [
    0.0,
    0.0,
    0.0
   ],
   [
    10.0,
    0.0,
    3.0
   ],
   [
    10.0,
    10.0,
    0.0
   ],
   [
    0.0,
    10.0,
    3.0
   ]
  ],
  "source": "synthetic_tier0"
 }
}