{
 "scenario": {
  "type": "mass_step",
  "pattern": "circle",
  "duration_s": 40.0,
  "seed": 1651935863,
  "mass": {
   "delta": 0.8466932885599672,
   "onset_s": 12.385789053634202,
   "impulse_z": 0.9419897421564197,
   "impulse_xy": 0.36171325016539035,
   "impulse_dir": 5.912956685368698
  },
  "gusts": [],
  "sustained": null,
  "dropouts": [],
  "heldout": true
 },
 "consts": {
  "mass_nominal": 1.372,
  "g": 9.81,
  "dt": 0.02,
  "Ixx": 0.02663,
  "Iyy": 0.02663,
  "Izz": 0.05049,
  "anchors": [
   [
    0.0,
    0.0,
    0.0
   ],
   [
    10.0,
    0.0,
    3.0
   ],
   [
    10.0,
    10.0,
    0.0
   ],
   [
    0.0,
    10.0,
    3.0
   ]
  ],
  "source": "synthetic_tier0"
 }
}