{
 "scenario": {
  "type": "gust",
  "pattern": "waypoint",
  "duration_s": 40.0,
  "seed": 1115431848,
  "mass": null,
  "gusts": [
   {
    "speed": 15.656710086370682,
    "dir_rad": 0.26677118538243105,
    "start_s": 13.65987947643523,
    "duration_s": 0.2391533120859439
   },
   {
    "speed": 15.570940048407012,
    "dir_rad": 2.670998611377431,
    "start_s": 19.86427445147976,
    "duration_s": 0.3792864350284665
   },
   {
    "speed": 17.574972514865088,
    "dir_rad": 2.676454507397207,
    "start_s": 24.542984414211016,
    "duration_s": 0.551764693395074
   },
   {
    "speed": 15.67097314545136,
    "dir_rad": 1.6171179358629186,
    "start_s": 29.90083959237889,
    "duration_s": 0.3311230882775944
   }
  ],
  "sustained": null,
  "dropouts": [],
  "heldout": true
 },
 "consts": {
  "mass_nominal": 1.372,
  "g": 9.81,
  "dt": 0.02,
  "Ixx": 0.02663,
  "Iyy": 0.02663,
  "Izz": 0.05049,
  "anchors": [
   [
    0.0,
    0.0,
    0.0
   ],
   [
    10.0,
    0.0,
    3.0
   ],
   [
    10.0,
    10.0,
    0.0
   ],
   [
    0.0,
    10.0,
    3.0
   ]
  ],
  "source": "synthetic_tier0"
 }
}