{
 "scenario": {
  "type": "mixed",
  "pattern": "waypoint",
  "duration_s": 40.0,
  "seed": 697121070,
  "mass": {
   "delta": 0.8202745525622696,
   "onset_s": 21.166128807460296,
   "impulse_z": 0.7708845531899337,
   "impulse_xy": 0.6150222339452867,
   "impulse_dir": 3.9732039638956254
  },
  "gusts": [
   {
    "speed": 14.16938445599482,
    "dir_rad": 2.795626402694267,
    "start_s": 32.907328550519665,
    "duration_s": 0.571665052908428
   },
   {
    "speed": 15.345143321709447,
    "dir_rad": 6.205571932416818,
    "start_s": 34.49366792674886,
    "duration_s": 0.4187951150312873
   }
  ],
  "sustained": null,
  "dropouts": [
   {
    "anchors": [
     1
    ],
    "start_s": 13.551657775960674,
    "duration_s": 4.685309243436392
   }
  ],
  "heldout": true
 },
 "consts": {
  "mass_nominal": 1.372,
  "g": 9.81,
  "dt": 0.02,
  "Ixx": 0.02663,
  "Iyy": 0.02663,
  "Izz": 0.05049,
  "anchors": [
   [
    0.0,
    0.0,
    0.0
   ],
   [
    10.0,
    0.0,
    3.0
   ],
   [
    10.0,
    10.0,
    0.0
   ],
   [
    0.0,
    10.0,
    3.0
   ]
  ],
  "source": "synthetic_tier0"
 }
}