{
 "scenario": {
  "type": "gust",
  "pattern": "hover",
  "duration_s": 40.0,
  "seed": 954960268,
  "mass": null,
  "gusts": [
   {
    "speed": 17.57220993901301,
    "dir_rad": 0.06921976264266884,
    "start_s": 28.29345842886426,
    "duration_s": 0.22871885694401836
   },
   {
    "speed": 16.19797445120023,
    "dir_rad": 0.9427264735445757,
    "start_s": 33.32434273107103,
    "duration_s": 0.2714416702788471
   },
   {
    "speed": 16.89926728898749,
    "dir_rad": 3.7663097163989994,
    "start_s": 34.66178302577359,
    "duration_s": 0.28111618104366354
   },
   {
    "speed": 15.201087648570107,
    "dir_rad": 2.9985428080624827,
    "start_s": 35.99230556718343,
    "duration_s": 0.5812593519650102
   }
  ],
  "sustained": null,
  "dropouts": [],
  "heldout": true
 },
 "consts": {
  "mass_nominal": 1.372,
  "g": 9.81,
  "dt": 0.02,
  "Ixx": 0.02663,
  "Iyy": 0.02663,
  "Izz": 0.05049,
  "anchors": [
   [
    0.0,
    0.0,
    0.0
   ],
   [
    10.0,
    0.0,
    3.0
   ],
   [
    10.0,
    10.0,
    0.0
   ],
   [
    0.0,
    10.0,
    3.0
   ]
  ],
  "source": "synthetic_tier0"
 }
}