{
 "scenario": {
  "type": "gust",
  "pattern": "circle",
  "duration_s": 40.0,
  "seed": 2119553434,
  "mass": null,
  "gusts": [
   {
    "speed": 17.4381231672373,
    "dir_rad": 2.8164526080407373,
    "start_s": 19.974119948315906,
    "duration_s": 0.3035342548949599
   },
   {
    "speed": 15.559557875490436,
    "dir_rad": 3.334632784567658,
    "start_s": 31.894574699573166,
    "duration_s": 0.31179494942807584
   },
   {
    "speed": 15.205602546880742,
    "dir_rad": 0.19521605465876418,
    "start_s": 33.24422939881722,
    "duration_s": 0.5906108265660582
   },
   {
    "speed": 16.720139741631566,
    "dir_rad": 1.1392763255939728,
    "start_s": 34.85485856844176,
    "duration_s": 0.3567350839640211
   }
  ],
  "sustained": null,
  "dropouts": [],
  "heldout": true
 },
 "consts": {
  "mass_nominal": 1.372,
  "g": 9.81,
  "dt": 0.02,
  "Ixx": 0.02663,
  "Iyy": 0.02663,
  "Izz": 0.05049,
  "anchors": [
   [
    0.0,
    0.0,
    0.0
   ],
   [
    10.0,
    0.0,
    3.0
   ],
   [
    10.0,
    10.0,
    0.0
   ],
   [
    0.0,
    10.0,
    3.0
   ]
  ],
  "source": "synthetic_tier0"
 }
}