{
 "scenario": {
  "type": "mixed",
  "pattern": "hover",
  "duration_s": 40.0,
  "seed": 950395531,
  "mass": {
   "delta": 0.827112070802037,
   "onset_s": 20.92793667233989,
   "impulse_z": 0.9189677512172636,
   "impulse_xy": 0.4904535284361641,
   "impulse_dir": 2.8244943725308174
  },
  "gusts": [
   {
    "speed": 17.55223478005948,
    "dir_rad": 5.100390571913076,
    "start_s": 11.551043955567604,
    "duration_s": 0.4561756848414565
   },
   {
    "speed": 14.564109199800058,
    "dir_rad": 6.1094316585075825,
    "start_s": 24.95721136088384,
    "duration_s": 0.33982544458081354
   },
   {
    "speed": 15.328652190813806,
    "dir_rad": 1.062704708362078,
    "start_s": 32.881050058916976,
    "duration_s": 0.5611570750521133
   },
   {
    "speed": 14.480442520405537,
    "dir_rad": 0.4480196015255051,
    "start_s": 34.4512072730736,
    "duration_s": 0.2847088653865241
   }
  ],
  "sustained": null,
  "dropouts": [],
  "heldout": true
 },
 "consts": {
  "mass_nominal": 1.372,
  "g": 9.81,
  "dt": 0.02,
  "Ixx": 0.02663,
  "Iyy": 0.02663,
  "Izz": 0.05049,
  "anchors": [
   [
    0.0,
    0.0,
    0.0
   ],
   [
    10.0,
    0.0,
    3.0
   ],
   [
    10.0,
    10.0,
    0.0
   ],
   [
    0.0,
    10.0,
    3.0
   ]
  ],
  "source": "synthetic_tier0"
 }
}