{
 "scenario": {
  "type": "gust",
  "pattern": "figure8",
  "duration_s": 40.0,
  "seed": 1846772679,
  "mass": null,
  "gusts": [
   {
    "speed": 17.33134821864605,
    "dir_rad": 1.9050748330168052,
    "start_s": 20.65036052522737,
    "duration_s": 0.28154425093181756
   },
   {
    "speed": 17.940186786883483,
    "dir_rad": 5.693237000135143,
    "start_s": 33.45595583436875,
    "duration_s": 0.3759236169921867
   },
   {
    "speed": 15.28340029626875,
    "dir_rad": 3.4386795067299674,
    "start_s": 34.85879250143322,
    "duration_s": 0.519379337931223
   }
  ],
  "sustained": null,
  "dropouts": [],
  "heldout": true
 },
 "consts": {
  "mass_nominal": 1.372,
  "g": 9.81,
  "dt": 0.02,
  "Ixx": 0.02663,
  "Iyy": 0.02663,
  "Izz": 0.05049,
  "anchors": [
   [
    0.0,
    0.0,
    0.0
   ],
   [
    10.0,
    0.0,
    3.0
   ],
   [
    10.0,
    10.0,
    0.0
   ],
   [
    0.0,
    10.0,
    3.0
   ]
  ],
  "source": "synthetic_tier0"
 }
}