{
 "scenario": {
  "type": "gust",
  "pattern": "hover",
  "duration_s": 40.0,
  "seed": 79757585,
  "mass": null,
  "gusts": [
   {
    "speed": 16.47887755751856,
    "dir_rad": 5.830611290722012,
    "start_s": 19.783240579509616,
    "duration_s": 0.38902239333474287
   },
   {
    "speed": 16.407987854110118,
    "dir_rad": 4.633944274491606,
    "start_s": 27.744011170099196,
    "duration_s": 0.396725032565164
   },
   {
    "speed": 15.926366356824174,
    "dir_rad": 5.791117550809551,
    "start_s": 31.528639089524997,
    "duration_s": 0.22874013419449374
   },
   {
    "speed": 17.84879995413881,
    "dir_rad": 2.8310554158579966,
    "start_s": 33.15321223690055,
    "duration_s": 0.3974026321745364
   }
  ],
  "sustained": null,
  "dropouts": [],
  "heldout": true
 },
 "consts": {
  "mass_nominal": 1.372,
  "g": 9.81,
  "dt": 0.02,
  "Ixx": 0.02663,
  "Iyy": 0.02663,
  "Izz": 0.05049,
  "anchors": [
   [
    0.0,
    0.0,
    0.0
   ],
   [
    10.0,
    0.0,
    3.0
   ],
   [
    10.0,
    10.0,
    0.0
   ],
   [
    0.0,
    10.0,
    3.0
   ]
  ],
  "source": "synthetic_tier0"
 }
}