{
 "scenario": {
  "type": "mixed",
  "pattern": "hover",
  "duration_s": 40.0,
  "seed": 1082802820,
  "mass": {
   "delta": 0.8063647711555868,
   "onset_s": 15.774978828430111,
   "impulse_z": 1.0643636631825937,
   "impulse_xy": 0.6059026751730594,
   "impulse_dir": 5.3047196724198855
  },
  "gusts": [
   {
    "speed": 17.225594915183514,
    "dir_rad": 1.9381089679360255,
    "start_s": 27.18590406278421,
    "duration_s": 0.3737396992901183
   },
   {
    "speed": 17.97707671665313,
    "dir_rad": 4.838622685531184,
    "start_s": 29.018960400081017,
    "duration_s": 0.5716968976024599
   },
   {
    "speed": 14.136717643713041,
    "dir_rad": 4.839227324529157,
    "start_s": 32.67224027652124,
    "duration_s": 0.23730836212973092
   }
  ],
  "sustained": null,
  "dropouts": [],
  "heldout": true
 },
 "consts": {
  "mass_nominal": 1.372,
  "g": 9.81,
  "dt": 0.02,
  "Ixx": 0.02663,
  "Iyy": 0.02663,
  "Izz": 0.05049,
  "anchors": [
   [
    0.0,
    0.0,
    0.0
   ],
   [
    10.0,
    0.0,
    3.0
   ],
   [
    10.0,
    10.0,
    0.0
   ],
   [
    0.0,
    10.0,
    3.0
   ]
  ],
  "source": "synthetic_tier0"
 }
}