{
 "scenario": {
  "type": "gust",
  "pattern": "circle",
  "duration_s": 40.0,
  "seed": 459198191,
  "mass": null,
  "gusts": [
   {
    "speed": 15.978400895897812,
    "dir_rad": 0.778725762663347,
    "start_s": 7.078284177436559,
    "duration_s": 0.33706011841345623
   },
   {
    "speed": 14.523007253505273,
    "dir_rad": 5.070180094174704,
    "start_s": 27.309232222698526,
    "duration_s": 0.29538657748629704
   }
  ],
  "sustained": null,
  "dropouts": [],
  "heldout": true
 },
 "consts": {
  "mass_nominal": 1.372,
  "g": 9.81,
  "dt": 0.02,
  "Ixx": 0.02663,
  "Iyy": 0.02663,
  "Izz": 0.05049,
  "anchors": [
   [
    0.0,
    0.0,
    0.0
   ],
   [
    10.0,
    0.0,
    3.0
   ],
   [
    10.0,
    10.0,
    0.0
   ],
   [
    0.0,
    10.0,
    3.0
   ]
  ],
  "source": "synthetic_tier0"
 }
}