{
 "scenario": {
  "type": "mixed",
  "pattern": "waypoint",
  "duration_s": 40.0,
  "seed": 485999588,
  "mass": {
   "delta": 0.8420718384045659,
   "onset_s": 20.56303931888901,
   "impulse_z": 1.195684774362267,
   "impulse_xy": 0.43661530488064915,
   "impulse_dir": 1.0232578899460876
  },
  "gusts": [
   {
    "speed": 14.711649953184578,
    "dir_rad": 3.85228009311739,
    "start_s": 20.713606381605924,
    "duration_s": 0.4076668939657286
   },
   {
    "speed": 15.058297111285047,
    "dir_rad": 0.24856412010621576,
    "start_s": 32.950017811145706,
    "duration_s": 0.2056498933907296
   },
   {
    "speed": 15.095624674424181,
    "dir_rad": 0.20615130677269838,
    "start_s": 34.1796925993644,
    "duration_s": 0.24329977658994284
   }
  ],
  "sustained": null,
  "dropouts": [
   {
    "anchors": [
     0
    ],
    "start_s": 15.337528302028087,
    "duration_s": 3.7572418548690374
   }
  ],
  "heldout": true
 },
 "consts": {
  "mass_nominal": 1.372,
  "g": 9.81,
  "dt": 0.02,
  "Ixx": 0.02663,
  "Iyy": 0.02663,
  "Izz": 0.05049,
  "anchors": [
   [
    0.0,
    0.0,
    0.0
   ],
   [
    10.0,
    0.0,
    3.0
   ],
   [
    10.0,
    10.0,
    0.0
   ],
   [
    0.0,
    10.0,
    3.0
   ]
  ],
  "source": "synthetic_tier0"
 }
}