{
 "scenario": {
  "type": "mixed",
  "pattern": "hover",
  "duration_s": 40.0,
  "seed": 1574372820,
  "mass": {
   "delta": 0.773797710660069,
   "onset_s": 14.097688634796059,
   "impulse_z": 0.7317477553212548,
   "impulse_xy": 0.48556891444401995,
   "impulse_dir": 5.922331923866814
  },
  "gusts": [
   {
    "speed": 15.512802092038724,
    "dir_rad": 5.351528304469552,
    "start_s": 29.821793444986884,
    "duration_s": 0.28609749927165995
   },
   {
    "speed": 17.706681952325127,
    "dir_rad": 1.620395849087058,
    "start_s": 32.713580771606146,
    "duration_s": 0.2966798391924524
   },
   {
    "speed": 14.602393148972014,
    "dir_rad": 0.5554479740514959,
    "start_s": 34.10899187279431,
    "duration_s": 0.47717063623434197
   }
  ],
  "sustained": null,
  "dropouts": [],
  "heldout": true
 },
 "consts": {
  "mass_nominal": 1.372,
  "g": 9.81,
  "dt": 0.02,
  "Ixx": 0.02663,
  "Iyy": 0.02663,
  "Izz": 0.05049,
  "anchors": [
   [
    0.0,
    0.0,
    0.0
   ],
   [
    10.0,
    0.0,
    3.0
   ],
   [
    10.0,
    10.0,
    0.0
   ],
   [
    0.0,
    10.0,
    3.0
   ]
  ],
  "source": "synthetic_tier0"
 }
}